;CBSD board;Type;Board Circuit;Fuse;Pinname;Description / Pin number;OMS (Omniplus Summum);CBSD(A);OMS (Omniplus Summum).1;CBSD(B);OMS (Omniplus Summum).2;CBSD(C);OMS (Omniplus Summum)-iShed gen 1;CBSD(A).1;OMS (Omniplus Summum)-iShed gen 1.1;CBSD(B).1;OMS (Omniplus Summum)-iShed gen 1.2;CBSD(C).1;TES (Terryplus Summum);CBSD(A).2;TES (Terryplus Summum).1;CBSD(B).2;TES (Terryplus Summum).2;CBSD(C).2;ABB0110 OPI);CBSD(A).3;ABB0110 OPI).1;CBSD(B).3;ABB0110 (OPI);CBSD(C).3;ABB0111 (TPI);CBSD(A).4;ABB0111 (TPI).1;CBSD(B).4;ABB0111 (TPI).2;CBSD(C).4;Grijper Optimax-i;CBSD(A).5;Grijper Optimax-i.1;CBSD(B).5;Grijper Optimax-i.2;CBSD(C).5;Grijper Terrymax-i;CBSD(A).6;Grijper Terrymax-i.1;CBSD(B).6;Grijper Terrymax-i.2;CBSD(C).6;CBSD(C).7;CBSD(C).8;TIS (Omniplus Summum Tirecord);CBSD(A).7;TIS (Omniplus Summum Tirecord).1;CBSD(B).7;TIS (Omniplus Summum Tirecord).2;CBSD(C).9;Grijper Gtmax-i -- Gtmax;CBSD(A).8;Grijper Gtmax-i -- Gtmax.1;CBSD(B).8;Grijper Gtmax-i -- Gtmax.2;CBSD(C).10
0;CBSD board;-;-;-;-;-;OMS (Omniplus Summum);-;-;-;-;-;OMS (Omniplus Summum)-ished gen 1;-;-;-;-;-;TES (Terryplus Summum);-;-;-;-;-;ABB0110 (OPI);-;-;-;-;-;ABB0111 (TPI);-;-;-;-;-;Grijper Optimax -i;-;-;-;-;-;Grijper Terry Terrymax-i;-;-;-;-;-;OMS CBIO(A)/(B)  + CBSD(C) ;-;TIS (Omniplus Summum Tirecord);-;-;-;-;-;Grijper Gtmax-i & Gtmax;-;-;-;-;-
1;-;Type;Name;Fuse;Pinname;Description / Pin number;CBSD(A);-;CBSD(B);-;CBSD(C);-;CBSD(A);-;CBSD(B);-;CBSD(C);-;CBSD(A);-;CBSD(B);-;CBSD(C);-;CBSD(A);-;CBSD(B);-;CBSD(C);-;CBSD(A);-;CBSD(B);-;CBSD(C);-;CBSD(A);-;CBSD(B);-;CBSD(C);-;CBSD(A);-;CBSD(B);-;CBSD(C);-;CBSD(C);-;CBSD(A);-;CBSD(B);-;CBSD(C);-;CBSD(A);-;CBSD(B);-;CBSD(C);-
2;-;-;General purpose digital out;-;-;-;-;-;-;-;-;-;-;-;-;-;-;-;-;-;-;-;-;-;-;-;-;-;-;-;-;-;-;-;-;-;-;-;-;-;-;-;-;-;-;-;-;-;-;-;-;-;-;-;-;-;-;-;-;-;-;-
3;-;OUT_ITS5215_00;OUT00;F1;-;uitgang high side en massa;SL_CB_WH;-;SL_MC_WH;-;-;-;SL_CB_WH;-;SL_MC_WH;-;-;-;SL_CB_WH;-;SL_MC_WH;-;PHMS_DE;-;-;-;SL_MC_WH;-;-;-;-;-;SL_MC_WH;-;PHMS_DE;-;SL_CB_WH;-;SL_MC_WH;-;-;-;SL_CB_WH;-;SL_MC_WH;-;PHMS_DE;-;-;-;-;-;-;-;-;-;SL_CB_WH;-;-;-;-;-
4;x;-;-;-;OUT00;P1-4F;-;SL_CB_WH+;-;SL_MC_WH+;-;-;-;SL_CB_WH+;-;SL_MC_WH+;-;-;-;SL_CB_WH+;-;SL_MC_WH+;-;PHMS_DE;-;-;-;SL_MC_WH+;-;-;-;-;-;SL_MC_WH+;-;PHMS_DE;-;SL_CB_WH+;-;SL_MC_WH+;-;-;-;SL_CB_WH+;-;SL_MC_WH+;-;PHMS_DE;-;-;-;-;-;-;-;-;-;SL_CB_WH+;-;-;-;-
5;x;-;-;-;OUT00_GND;P1-4Z;-;SL_CB_GND;-;SL_MC_GND;-;-;-;SL_CB_GND;-;SL_MC_GND;-;-;-;SL_CB_GND;-;SL_MC_GND;-;PHMS_GND;-;-;-;SL_MC_GND;-;-;-;-;-;SL_MC_GND;-;PHMS_GND;-;SL_CB_GND;-;SL_MC_GND;-;-;-;SL_CB_GND;-;SL_MC_GND;-;PHMS_GND;-;-;-;-;-;-;-;-;-;SL_CB_GND;-;-;-;-
6;-;OUT_ITS5215_01;OUT01;F1;-;uitgang high side;SL_CB_RD;-;SL_MC_RD;-;-;-;SL_CB_RD;-;SL_MC_RD;-;-;-;SL_CB_RD;-;SL_MC_RD;-;PHMS_TRG;-;-;-;SL_MC_RD;-;-;-;-;-;SL_MC_RD;-;PHMS_TRG;-;SL_CB_RD;-;SL_MC_RD;-;-;-;SL_CB_RD;-;SL_MC_RD;-;PHMS_TRG;-;-;-;-;-;-;-;-;-;SL_CB_RD;-;-;-;-;-
7;x;-;-;-;OUT01;P1-4D;-;SL_CB_RD+;-;SL_MC_RD+;-;-;-;SL_CB_RD+;-;SL_MC_RD+;-;-;-;SL_CB_RD+;-;SL_MC_RD+;-;PHMS_TRG;-;-;-;SL_MC_RD+;-;-;-;-;-;SL_MC_RD+;-;PHMS_TRG;-;SL_CB_RD+;-;SL_MC_RD+;-;-;-;SL_CB_RD+;-;SL_MC_RD+;-;PHMS_TRG;-;-;-;-;-;-;-;-;-;SL_CB_RD+;-;-;-;-
8;-;OUT_ITS5215_01;OUT02;F1;-;uitgang high side;SL_CB_OG;-;SL_MC_OG;-;-;-;SL_CB_OG;-;SL_MC_OG;-;-;-;SL_CB_OG;-;SL_MC_OG;-;PHMS_SYNCRQ;-;-;-;SL_MC_OG;-;-;-;-;-;SL_MC_OG;-;PHMS_SYNCRQ;-;SL_CB_OG;-;SL_MC_OG;-;-;-;SL_CB_OG;-;SL_MC_OG;-;PHMS_SYNCRQ;-;-;-;-;-;-;-;-;-;SL_CB_OG;-;-;-;-;-
9;x;-;-;-;OUT02;P1-4B;-;SL_CB_OG+;-;SL_MC_OG+;-;-;-;SL_CB_OG+;-;SL_MC_OG+;-;-;-;SL_CB_OG+;-;SL_MC_OG+;-;PHMS_SYNCRQ;-;-;-;SL_MC_OG+;-;-;-;-;-;SL_MC_OG+;-;PHMS_SYNCRQ;-;SL_CB_OG+;-;SL_MC_OG+;-;-;-;SL_CB_OG+;-;SL_MC_OG+;-;PHMS_SYNCRQ;-;-;-;-;-;-;-;-;-;SL_CB_OG+;-;-;-;-
10;-;OUT_ITS5215_01;OUT03;F1;-;uitgang high side;SL_CB_GN;-;SL_MC_GN;-;-;-;SL_CB_GN;-;SL_MC_GN;-;-;-;SL_CB_GN;-;SL_MC_GN;-;PHMS_PX;-;-;-;SL_MC_GN;-;-;-;-;-;SL_MC_GN;-;PHMS_PX;-;SL_CB_GN;-;SL_MC_GN;-;-;-;SL_CB_GN;-;SL_MC_GN;-;PHMS_PX;-;-;-;-;-;-;-;-;-;SL_CB_GN;-;-;-;-;-
11;x;-;-;-;OUT03;P1-6F;-;SL_CB_GN+;-;SL_MC_GN+;-;-;-;SL_CB_GN+;-;SL_MC_GN+;-;-;-;SL_CB_GN+;-;SL_MC_GN+;-;PHMS_PX;-;-;-;SL_MC_GN+;-;-;-;-;-;SL_MC_GN+;-;PHMS_PX;-;SL_CB_GN+;-;SL_MC_GN+;-;-;-;SL_CB_GN+;-;SL_MC_GN+;-;PHMS_PX;-;-;-;-;-;-;-;-;-;SL_CB_GN+;-;-;-;-
12;-;OUT_ITS5215_01;OUT04;F1;-;uitgang high side;SL_CB_BU;-;SL_MC_BU;-;-;-;SL_CB_BU;-;SL_MC_BU;-;-;-;SL_CB_BU;-;SL_MC_BU;-;PHMS_STRTCALC;-;-;-;SL_MC_BU;-;-;-;-;-;SL_MC_BU;-;PHMS_STRTCALC;-;SL_CB_BU;-;SL_MC_BU;-;-;-;SL_CB_BU;-;SL_MC_BU;-;PHMS_STRTCALC;-;-;-;-;-;-;-;-;-;-;-;-;-;-;-
13;x;-;-;-;OUT04;P1-6D;-;SL_CB_BU+;-;SL_MC_BU+;-;-;-;SL_CB_BU+;-;SL_MC_BU+;-;-;-;SL_CB_BU+;-;SL_MC_BU+;-;PHMS_STRTCALC;-;-;-;SL_MC_BU+;-;-;-;-;-;SL_MC_BU+;-;PHMS_STRTCALC;-;SL_CB_BU+;-;SL_MC_BU+;-;-;-;SL_CB_BU+;-;SL_MC_BU+;-;PHMS_STRTCALC;-;-;-;-;-;-;-;-;-;-;-;-;-;-
14;-;OUT_ITS5215_00;OUT05;F1;-;uitgang high side en massa;-;-;-;-;WDROT_M24V;-;-;-;-;-;WDROT_M24V;-;-;-;-;-;WDROT_M24V;-;-;-;-;-;WDROT_M24V;-;-;-;-;-;WDROT_M24V;-;-;-;-;-;WDROT_M24V;-;-;-;-;-;WDROT_M24V;-;WDROT_M24V;-;-;-;VPRR;-;-;-;-;-;-;-;-;-
15;x;-;-;-;OUT05;P1-6B;-;-;-;-;-;WDROT_M24V+;-;-;-;-;-;WDROT_M24V+;-;-;-;-;-;WDROT_M24V+;-;-;-;-;-;WDROT_M24V+;-;-;-;-;-;WDROT_M24V+;-;-;-;-;-;WDROT_M24V+;-;-;-;-;-;WDROT_M24V+;-;WDROT_M24V+;-;-;-;VPRR+;-;-;-;-;-;-;-;-
16;x;-;-;-;OUT05_GND;P1-6Z;-;-;-;-;-;WDROT_M24V_GND;-;-;-;-;-;WDROT_M24V_GND;-;-;-;-;-;WDROT_M24V_GND;-;-;-;-;-;WDROT_M24V_GND;-;-;-;-;-;WDROT_M24V_GND;-;-;-;-;-;WDROT_M24V_GND;-;-;-;-;-;WDROT_M24V_GND;-;WDROT_M24V_GND;-;-;-;VPRR_GND;-;-;-;-;-;-;-;-
17;-;OUT_ITS5215_00;OUT06;F1;-;uitgang high side en massa;DWC_VUP;-;DWCFA_VUP;-;-;-;DWC_VUP;-;DWCFA_VUP;-;-;-;DWC_VUP;-;DWCFA_VUP;-;-;-;DWC_VUP;-;DWCFA_VUP;-;-;-;DWC_VUP;-;PPB_LHS_VUP;-;PPB_RHS_VUP;-;DWC_VUP;-;DWCFA_VUP;-;-;-;DWC_VUP;-;DWCFA_VUP / PPB_LHS_VUP;-;PPB_RHS_VUP;-;DWC_VUP;-;-;-;VTMPL;-;-;-;-;-;-;-;-;-
18;x;-;-;-;OUT06;P1-8D;-;DWC_VUP+;-;DWCFA_VUP+;-;-;-;DWC_VUP+;-;DWCFA_VUP+;-;-;-;DWC_VUP+;-;DWCFA_VUP+;-;-;-;DWC_VUP+;-;DWCFA_VUP+;-;-;-;DWC_VUP+;-;PPB_LHS_VUP+;-;PPB_RHS_VUP+;-;DWC_VUP+;-;DWCFA_VUP+;-;-;-;DWC_VUP+;-;DWCFA_VUP+ / PPB_LHS_VUP+;-;PPB_RHS_VUP+;-;DWC_VUP+;-;-;-;VTMPL+;-;-;-;-;-;-;-;-
19;x;-;-;-;OUT06_GND;P1-8F;-;DWC_VUP_GND;-;DWCFA_VUP_GND;-;-;-;DWC_VUP_GND;-;DWCFA_VUP_GND;-;-;-;DWC_VUP_GND;-;DWCFA_VUP_GND;-;-;-;DWC_VUP_GND;-;DWCFA_VUP_GND;-;-;-;DWC_VUP_GND;-;PPB_LHS_VUP_GND;-;PPB_RHS_VUP_GND;-;DWC_VUP_GND;-;DWCFA_VUP_GND;-;-;-;DWC_VUP_GND;-;DWCFA_VUP_GND /  PPB_LHS_VUP_GND;-;PPB_RHS_VUP_GND;-;DWC_VUP_GND;-;-;-;VTMPL_GND;-;-;-;-;-;-;-;-
20;-;OUT_ITS5215_00;OUT07;F1;-;uitgang high side en massa;DWC_VDOWN;-;DWCFA_VDOWN;-;-;-;DWC_VDOWN;-;DWCFA_VDOWN;-;-;-;DWC_VDOWN;-;DWCFA_VDOWN;-;-;-;DWC_VDOWN;-;DWCFA_VDOWN;-;-;-;DWC_VDOWN;-;PPB_LHS_VDOWN;-;PPB_RHS_VDOWN;-;DWC_VDOWN;-;DWCFA_VDOWN;-;-;-;DWC_VDOWN;-;DWCFA_VDOWN / PPB_LHS_VDOWN;-;PPB_RHS_VDOWN;-;DWC_VDOWN;-;-;-;VTBB;-;-;-;FAN_LU;-;-;-;-;-
21;x;-;-;-;OUT07;P1-8B;-;DWC_VDOWN+;-;DWCFA_VDOWN+;-;-;-;DWC_VDOWN+;-;DWCFA_VDOWN+;-;-;-;DWC_VDOWN+;-;DWCFA_VDOWN+;-;-;-;DWC_VDOWN+;-;DWCFA_VDOWN+;-;-;-;DWC_VDOWN+;-;PPB_LHS_VDOWN+;-;PPB_RHS_VDOWN+;-;DWC_VDOWN+;-;DWCFA_VDOWN+;-;-;-;DWC_VDOWN+;-;DWCFA_VDOWN+ / PPB_LHS_VDOWN+;-;PPB_RHS_VDOWN+;-;DWC_VDOWN+;-;-;-;VTBB+;-;-;-;FAN_LU+;-;-;-;-
22;x;-;-;-;OUT07_GND;P1-8Z;-;DWC_VDOWN_GND;-;DWCFA_VDOWN_GND;-;-;-;DWC_VDOWN_GND;-;DWCFA_VDOWN_GND;-;-;-;DWC_VDOWN_GND;-;DWCFA_VDOWN_GND;-;-;-;DWC_VDOWN_GND;-;DWCFA_VDOWN_GND;-;-;-;DWC_VDOWN_GND;-;PPB_LHS_VDOWN_GND;-;PPB_RHS_VDOWN_GND;-;DWC_VDOWN_GND;-;DWCFA_VDOWN_GND;-;-;-;DWC_VDOWN_GND;-;DWCFA_VDOWN_GND / PPB_LHS_VDOWN_GND;-;PPB_RHS_VDOWN_GND;-;DWC_VDOWN_GND;-;-;-;VTBB_GND;-;-;-;FAN_LU_GND;-;-;-;-
23;-;OUT_ITS5215_00;OUT08;F1;-;uitgang high side en massa;LED_REED_LHS;-;LED_BCKSHD_LHS;-;LED_REED_RHS;-;LED_REED_LHS;-;LED_BCKSHD_LHS;-;LED_REED_RHS;-;LED_REED_LHS;-;LED_BCKSHD_LHS;-;LED_REED_RHS;-;LED_REED_LHS;-;LED_BCKSHD_LHS;-;LED_REED_RHS;-;LED_REED_LHS;-;LED_BCKSHD_LHS;-;LED_REED_RHS;-;LED_REED_RHS;-;LED_BCKSHD_RHS;-;LED_REED_LHS;-;LED_REED_RHS;-;LED_BCKSHD_RHS;-;LED_REED_LHS;-;LED_REED_RHS;-;LED_REED_LHS;-;-;-;-;-;LED_REED_RHS;-;-;-;-;-
24;x;-;-;-;OUT08;P1-10D;-;LED_REED_LHS+;-;LED_BCKSHD_LHS+;-;LED_REED_RHS+;-;LED_REED_LHS+;-;LED_BCKSHD_LHS+;-;LED_REED_RHS+;-;LED_REED_LHS+;-;LED_BCKSHD_LHS+;-;LED_REED_RHS+;-;LED_REED_LHS+;-;LED_BCKSHD_LHS+;-;LED_REED_RHS+;-;LED_REED_LHS+;-;LED_BCKSHD_LHS+;-;LED_REED_RHS+;-;LED_REED_RHS+;-;LED_BCKSHD_RHS+;-;LED_REED_LHS+;-;LED_REED_RHS+;-;LED_BCKSHD_RHS+;-;LED_REED_LHS+;-;LED_REED_RHS+;-;LED_REED_LHS+;-;-;-;-;-;LED_REED_RHS+;-;-;-;-
25;x;-;-;-;OUT08_GND;P1-10F;-;LED_REED_LHS_GND;-;LED_BCKSHD_LHS_GND;-;LED_REED_RHS_GND;-;LED_REED_LHS_GND;-;LED_BCKSHD_LHS_GND;-;LED_REED_RHS_GND;-;LED_REED_LHS_GND;-;LED_BCKSHD_LHS_GND;-;LED_REED_RHS_GND;-;LED_REED_LHS_GND;-;LED_BCKSHD_LHS_GND;-;LED_REED_RHS_GND;-;LED_REED_LHS_GND;-;LED_BCKSHD_LHS_GND;-;LED_REED_RHS_GND;-;LED_REED_RHS_GND;-;LED_BCKSHD_RHS_GND;-;LED_REED_LHS_GND;-;LED_REED_RHS_GND;-;LED_BCKSHD_RHS_GND;-;LED_REED_LHS_GND;-;LED_REED_RHS_GND;-;LED_REED_LHS_GND;-;-;-;-;-;LED_REED_RHS_GND;-;-;-;-
26;-;OUT_ITS5215_00;OUT09;F1;-;uitgang high side en massa;LED_FBR_LHS;-;LED_BCKSHD_RHS;-;LED_FBR_RHS;-;LED_FBR_LHS;-;LED_BCKSHD_RHS;-;LED_FBR_RHS;-;LED_FBR_LHS;-;LED_BCKSHD_RHS;-;LED_FBR_RHS;-;LED_FBR_LHS;-;LED_BCKSHD_RHS;-;LED_FBR_RHS;-;LED_FBR_LHS;-;LED_BCKSHD_RHS;-;LED_FBR_RHS;-;LED_FBR_RHS;-;LED_BCKSHD_LHS;-;LED_FBR_LHS;-;LED_FBR_RHS;-;LED_BCKSHD_LHS;-;LED_FBR_LHS;-;LED_REED_LHS;-;LED_FBR_LHS;-;-;-;-;-;LED_REED_LHS;-;-;-;-;-
27;x;-;-;-;OUT09;P1-10B;-;LED_FBR_LHS+;-;LED_BCKSHD_RHS+;-;LED_FBR_RHS+;-;LED_FBR_LHS+;-;LED_BCKSHD_RHS+;-;LED_FBR_RHS+;-;LED_FBR_LHS+;-;LED_BCKSHD_RHS+;-;LED_FBR_RHS+;-;LED_FBR_LHS+;-;LED_BCKSHD_RHS+;-;LED_FBR_RHS+;-;LED_FBR_LHS+;-;LED_BCKSHD_RHS+;-;LED_FBR_RHS+;-;LED_FBR_RHS+;-;LED_BCKSHD_LHS+;-;LED_FBR_LHS+;-;LED_FBR_RHS+;-;LED_BCKSHD_LHS+;-;LED_FBR_LHS+;-;LED_REED_LHS+;-;LED_FBR_LHS+;-;-;-;-;-;LED_REED_LHS+;-;-;-;-
28;x;-;-;-;OUT09_GND;P1-10Z;-;LED_FBR_LHS_GND;-;LED_BCKSHD_RHS_GND;-;LED_FBR_RHS_GND;-;LED_FBR_LHS_GND;-;LED_BCKSHD_RHS_GND;-;LED_FBR_RHS_GND;-;LED_FBR_LHS_GND;-;LED_BCKSHD_RHS_GND;-;LED_FBR_RHS_GND;-;LED_FBR_LHS_GND;-;LED_BCKSHD_RHS_GND;-;LED_FBR_RHS_GND;-;LED_FBR_LHS_GND;-;LED_BCKSHD_RHS_GND;-;LED_FBR_RHS_GND;-;LED_FBR_RHS_GND;-;LED_BCKSHD_LHS_GND;-;LED_FBR_LHS_GND;-;LED_FBR_RHS_GND;-;LED_BCKSHD_LHS_GND;-;LED_FBR_LHS_GND;-;LED_REED_LHS_GND;-;LED_FBR_LHS_GND;-;-;-;-;-;LED_REED_LHS_GND;-;-;-;-
29;-;OUT_ITS5215_00;OUT12;F2;-;uitgang high side en massa;-;-;-;-;-;-;-;-;-;-;-;-;-;-;-;-;-;-;-;-;-;-;-;-;-;-;-;-;-;-;-;-;-;-;-;-;-;-;-;-;-;-;-;-;DT_EDGE_LHS;-;DT_EDGE_RHS;-;-;-;SL_MC_WH;-;-;-;-;-
30;x;-;-;-;OUT12;P3-10D;-;-;-;-;-;-;-;-;-;-;-;-;-;-;-;-;-;-;-;-;-;-;-;-;-;-;-;-;-;-;-;-;-;-;-;-;-;-;-;-;-;-;-;-;-;-;-;-;-;-;-;SL_MC_WH+;-;-;-;-
31;x;-;-;-;OUT12_GND;P3-10F;-;-;-;-;-;-;-;-;-;-;-;-;-;-;-;-;-;-;-;-;-;-;-;-;-;-;-;-;-;-;-;-;-;-;-;-;-;-;-;-;-;-;-;-;-;DT_EDGE_LHS_GND;-;DT_EDGE_RHS_GND;-;-;-;SL_MC_GND;-;-;-;-
32;-;OUT_ITS5215_00;OUT13;F2;-;uitgang high side en massa;-;-;-;-;-;-;-;-;-;-;-;-;-;-;-;-;-;-;FAN_IC;-;-;-;-;-;-;-;-;-;-;-;-;-;-;-;-;-;-;-;-;-;-;-;-;-;PX_ELV_CLMP_RHS;-;PX_DI_SPD1;-;-;-;SL_MC_RD;-;-;-;-;-
33;x;-;-;-;OUT13;P3-10B;-;-;-;-;-;-;-;-;-;-;-;-;-;-;-;-;-;-;-;FAN_IC_+;-;-;-;-;-;-;-;-;-;-;-;-;-;-;-;-;-;-;-;-;-;-;-;-;-;-;-;-;-;-;-;SL_MC_RD+;-;-;-;-
34;x;-;-;-;OUT13_GND;P3-10Z;-;-;-;-;-;-;-;-;-;-;-;-;-;-;-;-;-;-;-;FAN_IC_GND;-;-;-;-;-;-;-;-;-;-;-;-;-;-;-;-;-;-;-;-;-;-;-;-;-;PX_ELV_CLMP_RHS_GND;-;PX_DI_SPD1_GND;-;-;-;-;-;-;-;-
35;-;OUT_ITS5215_00;OUT14;F2;-;uitgang high side en massa;-;-;-;-;-;-;-;-;-;-;-;-;-;-;-;-;-;-;-;-;-;-;-;-;-;-;-;-;MDLO_LHS_LED_PB;-;-;-;-;-;-;-;-;-;-;-;MDLO_LHS_LED_PB;-;-;-;PX_BM_SPD1;-;HS_DI3_TX;-;-;-;SL_MC_OG;-;-;-;-;-
36;x;-;-;-;OUT14;P3-12D;-;-;-;-;-;-;-;-;-;-;-;-;-;-;-;-;-;-;-;-;-;-;-;-;-;-;-;-;-;MDLO_LHS_LED_PB+;-;-;-;-;-;-;-;-;-;-;-;MDLO_LHS_LED_PB+;-;-;-;-;-;-;-;-;-;SL_MC_OG+;-;-;-;-
37;x;-;-;-;OUT14_GND;P3-12F;-;-;-;-;-;-;-;-;-;-;-;-;-;-;-;-;-;-;-;-;-;-;-;-;-;-;-;-;-;nc;-;-;-;-;-;-;-;-;-;-;-;nc;-;-;-;PX_BM_SPD1_GND;-;HS_DI3_TX_GND;-;-;-;-;-;-;-;-
38;-;OUT_ITS5215_00;OUT15;F2;-;uitgang high side en massa;-;-;-;-;-;-;-;-;-;-;-;-;-;-;-;-;-;-;FAN_LU;-;-;-;-;-;-;-;-;-;MDLO_LHS_LED_GB;-;-;-;-;-;-;-;-;-;-;-;MDLO_LHS_LED_GB;-;-;-;HS_BM_RX;-;PX_DI_SPD2;-;-;-;SL_MC_GN;-;-;-;-;-
39;x;-;-;-;OUT15;P3-12B;-;-;-;-;-;-;-;-;-;-;-;-;-;-;-;-;-;-;-;FAN_LU+;-;-;-;-;-;-;-;-;-;MDLO_LHS_LED_GB+;-;-;-;-;-;-;-;-;-;-;-;MDLO_LHS_LED_GB+;-;-;-;-;-;-;-;-;-;SL_MC_GN+;-;-;-;-
40;x;-;-;-;OUT15_GND;P3-12Z;-;-;-;-;-;-;-;-;-;-;-;-;-;-;-;-;-;-;-;FAN_LU_GND;-;-;-;-;-;-;-;-;-;MDLO_LHS_LED_GND;-;-;-;-;-;-;-;-;-;-;-;MDLO_LHS_LED_GND;-;-;-;HS_BM_RX_GND;-;PX_DI_SPD2_GND;-;-;-;-;-;-;-;-
41;-;OUT_ITS5215_00;OUT16;F2;-;uitgang high side en massa;-;-;-;-;-;-;-;-;-;-;-;-;-;-;-;-;-;-;FAN_SHD;-;-;-;-;-;FAN_SHD;-;-;-;MDLO_RHS_LED_PB;-;VPF_LCK;-;V_WA;-;-;-;VPF_LCK;-;V_WA;-;MDLO_RHS_LED_PB;-;-;-;PX_BM_SPD2;-;HS_DI1_RX;-;-;-;CTTH_RUN;-;-;-;-;-
42;x;-;-;-;OUT16;P3-14D;-;-;-;-;-;-;-;-;-;-;-;-;-;-;-;-;-;-;-;FAN_SHD+;-;-;-;-;-;FAN_SHD+;-;-;-;MDLO_RHS_LED_PB+;-;VPF_LCK+;-;VWA+;-;-;-;VPF_LCK+;-;VWA+;-;MDLO_RHS_LED_PB+;-;-;-;-;-;-;-;-;-;CTTH_RUN;-;-;-;-
43;x;-;-;-;OUT16_GND;P3-14F;-;-;-;-;-;-;-;-;-;-;-;-;-;-;-;-;-;-;-;FAN_SHD_GND;-;-;-;-;-;FAN_SHD_GND;-;-;-;nc;-;VPF_LCK_GND;-;VWA_GND;-;-;-;VPF_LCK_GND;-;VWA_GND;-;nc;-;-;-;PX_BM_SPD2_GND;-;HS_DI1_RX_GND;-;-;-;CTTH_RUN_GND;-;-;-;-
44;-;OUT_ITS5215_00;OUT17;F2;-;uitgang high side en massa;FAN;-;CTTH_RUN;-;-;-;FAN;-;CTTH_RUN;-;-;-;FAN;-;-;-;-;-;FAN;-;CTTH_RUN;-;-;-;FAN;-;-;-;MDLO_RHS_LED_GB;-;FAN;-;CTTH_RUN;-;CTTH(B)_RUN;-;FAN;-;CTTH_RUN;-;MDLO_RHS_LED_GB;-;-;-;FAN;-;HS_DI2_RX;-;-;-;FAN;-;-;-;-;-
45;x;-;-;-;OUT17;P3-14B;-;FAN+;-;CTTH_RUN;-;-;-;FAN+;-;CTTH_RUN;-;-;-;FAN+;-;-;-;-;-;FAN+;-;CTTH_RUN;-;-;-;FAN+;-;-;-;MDLO_RHS_LED_GB+;-;FAN+;-;CTTH_RUN;-;CTTH(B)_RUN;-;FAN+;-;CTTH_RUN;-;MDLO_RHS_LED_GB+;-;-;-;FAN+;-;-;-;-;-;FAN+;-;-;-;-
46;x;-;-;-;OUT17_GND;P3-14Z;-;FAN_GND;-;CTTH_RUN_GND;-;-;-;FAN_GND;-;CTTH_RUN_GND;-;-;-;FAN_GND;-;-;-;-;-;FAN_GND;-;CTTH_RUN_GND;-;-;-;FAN_GND;-;-;-;MDLO_RHS_LED_GND;-;FAN_GND;-;CTTH_RUN_GND;-;CTTH(B)_RUN_GND;-;FAN_GND;-;CTTH_RUN_GND;-;MDLO_RHS_LED_GND;-;-;-;FAN_GND;-;HS_DI2_RX_GND;-;-;-;FAN_GND;-;-;-;-
47;-;-;-;-;-;-;-;-;-;-;-;-;-;-;-;-;-;-;-;-;-;-;-;-;-;-;-;-;-;-;-;-;-;-;-;-;-;-;-;-;-;-;-;-;-;-;-;-;-;-;-;-;-;-;-;-;-;-;-;-;-;-
48;-;-;General purpose digital in;-;-;-;-;-;-;-;-;-;-;-;-;-;-;-;-;-;-;-;-;-;-;-;-;-;-;-;-;-;-;-;-;-;-;-;-;-;-;-;-;-;-;-;-;-;-;-;-;-;-;-;-;-;-;-;-;-;-;-
49;-;IN_PNP_S_00;IN00;-;-;ingang met pull down en 26V;PB_LOF;-;PB_FAF;-;-;-;PB_LOF;-;PB_FAF;-;-;-;PB_LOF;-;PB_FAF;-;PHMS_SYNCOK;-;PB_LOF;-;PB_FAF;-;-;-;PB_LOF;-;PB_FAF;-;PHMS_SYNCOK;-;PB_LOF;-;PB_FAF;-;-;-;PB_LOF;-;PB_FAF;-;PHMS_SYNCOK;-;-;-;-;-;PB_PRR;-;-;-;PB_LOF;-;-;-;-;-
50;x;-;-;-;IN00;P1-2F;-;PB_LOF;-;PB_FAF;-;-;-;PB_LOF;-;PB_FAF;-;-;-;PB_LOF;-;PB_FAF;-;PHMS_SYNCOK;-;PB_LOF;-;PB_FAF;-;-;-;PB_LOF;-;PB_FAF;-;PHMS_SYNCOK;-;PB_LOF;-;PB_FAF;-;-;-;PB_LOF;-;PB_FAF;-;PHMS_SYNCOK;-;-;-;-;-;PB_PRR;-;-;-;PB_LOF;-;-;-;-
51;x;-;-;RT01;IN00_26V;P1-2Z;-;PB_CB_26V;-;PB_FA_26V;-;-;-;PB_CB_26V;-;PB_FA_26V;-;-;-;PB_CB_26V;-;PB_FA_26V;-;PHMS_26V;-;PB_CB_26V;-;PB_FA_26V;-;-;-;PB_CB_26V;-;PB_FA_26V;-;PHMS_26V;-;PB_CB_26V;-;PB_FA_26V;-;-;-;PB_CB_26V;-;PB_FA_26V;-;PHMS_26V;-;-;-;-;-;PB_PRR_26V;-;-;-;PB_CB_26V;-;-;-;-
52;-;IN_PNP_00;IN01;-;-;ingang met pull down;PB_LOR;-;PB_FAR;-;-;-;PB_LOR;-;PB_FAR;-;-;-;PB_LOR;-;PB_FAR;-;PHMS_WRN;-;PB_LOR;-;PB_FAR;-;-;-;PB_LOR;-;PB_FAR;-;PHMS_WRN;-;PB_LOR;-;PB_FAR;-;-;-;PB_LOR;-;PB_FAR;-;PHMS_WRN;-;-;-;-;-;-;-;-;-;PB_LOR;-;-;-;-;-
53;x;-;-;-;IN01;P1-2D;-;PB_LOR;-;PB_FAR;-;-;-;PB_LOR;-;PB_FAR;-;-;-;PB_LOR;-;PB_FAR;-;PHMSWRN;-;PB_LOR;-;PB_FAR;-;-;-;PB_LOR;-;PB_FAR;-;PHMSWRN;-;PB_LOR;-;PB_FAR;-;-;-;PB_LOR;-;PB_FAR;-;PHMSWRN;-;-;-;-;-;-;-;-;-;PB_LOR;-;-;-;-
54;-;IN_PNP_00;IN02;-;-;ingang met pull down;PB_PTHR;-;-;-;-;-;PB_PTHR;-;-;-;-;-;PB_PTHR;-;-;-;PHMS_ERR;-;PB_PTHR;-;-;-;-;-;PB_PTHR;-;-;-;PHMS_ERR;-;PB_PTHR;-;-;-;-;-;PB_PTHR;-;-;-;PHMS_ERR;-;-;-;-;-;-;-;-;-;PB_PTHR;-;-;-;-;-
55;x;-;-;-;IN02;P1-2B;-;PB_PTHR;-;-;-;-;-;PB_PTHR;-;-;-;-;-;PB_PTHR;-;-;-;PHMS_ERR;-;PB_PTHR;-;-;-;-;-;PB_PTHR;-;-;-;PHMS_ERR;-;PB_PTHR;-;-;-;-;-;PB_PTHR;-;-;-;PHMS_ERR;-;-;-;-;-;-;-;-;-;PB_PTHR;-;-;-;-
56;-;IN_NPN_G_01;IN03;-;-;ingang met pull up en massa (Warp Detector);WYD_LHS;-;-;-;-;-;WYD_LHS;-;-;-;-;-;WYD_LHS;-;-;-;-;-;WYD_LHS;-;-;-;-;-;WYD_LHS;-;-;-;-;-;WYD_LHS;-;-;-;-;-;WYD_LHS;-;-;-;-;-;-;-;-;-;ETU_DMP1_BIM;-;-;-;WYD_LHS;-;-;-;-;-
57;x;-;-;-;IN03;P1-16D;-;WYD_LHS;-;-;-;-;-;WYD_LHS;-;-;-;-;-;WYD_LHS;-;-;-;-;-;WYD_LHS;-;-;-;-;-;WYD_LHS;-;-;-;-;-;WYD_LHS;-;-;-;-;-;WYD_LHS;-;-;-;-;-;-;-;-;-;ETU_DMP1_BIM;-;-;-;WYD_LHS;-;-;-;-
58;x;-;-;-;IN03_GND;P1-16F;-;WYD_LHS_GND;-;-;-;-;-;WYD_LHS_GND;-;-;-;-;-;WYD_LHS_GND;-;-;-;-;-;WYD_LHS_GND;-;-;-;-;-;WYD_LHS_GND;-;-;-;-;-;WYD_LHS_GND;-;-;-;-;-;WYD_LHS_GND;-;-;-;-;-;-;-;-;-;ETU_DMP1_BIM_GND;-;-;-;WYD_LHS_GND;-;-;-;-
59;-;IN_NPN_G_01;IN04;-;-;ingang met pull up en massa (Warp Detector);WYD_RHS;-;-;-;-;-;WYD_RHS;-;-;-;-;-;WYD_RHS;-;-;-;-;-;WYD_RHS;-;-;-;-;-;WYD_RHS;-;-;-;-;-;WYD_RHS;-;-;-;-;-;WYD_RHS;-;-;-;-;-;-;-;-;-;ETU_DMP2_BIM;-;-;-;WYD_RHS;-;-;-;-;-
60;x;-;-;-;IN04;P1-16B;-;WYD_RHS;-;-;-;-;-;WYD_RHS;-;-;-;-;-;WYD_RHS;-;-;-;-;-;WYD_RHS;-;-;-;-;-;WYD_RHS;-;-;-;-;-;WYD_RHS;-;-;-;-;-;WYD_RHS;-;-;-;-;-;-;-;-;-;ETU_DMP2_BIM;-;-;-;WYD_RHS;-;-;-;-
61;x;-;-;-;IN04_GND;P1-16Z;-;WYD_RHS_GND;-;-;-;-;-;WYD_RHS_GND;-;-;-;-;-;WYD_RHS_GND;-;-;-;-;-;WYD_RHS_GND;-;-;-;-;-;WYD_RHS_GND;-;-;-;-;-;WYD_RHS_GND;-;-;-;-;-;WYD_RHS_GND;-;-;-;-;-;-;-;-;-;ETU_DMP2_BIM_GND;-;-;-;WYD_RHS_GND;-;-;-;-
62;-;IN_PNP_S_00;IN07;-;-;ingang met pull down en 26V;DTLUFL;-;-;-;-;-;DTLUFL;-;DTLUFL2;-;-;-;DTLUFL;-;-;-;DTNRDIR;-;DTLUFL;-;-;-;-;-;DTLUFL;-;-;-;DTNRDIR;-;DTLUFL;-;-;-;-;-;DTLUFL;-;-;-;DTNRDIR;-;-;-;DTLUFL;-;PX_DI_SPD1;-;-;-;DTLUFL;-;-;-;-;-
63;x;-;-;-;IN07;P3-2D;-;DTLUFL;-;-;-;-;-;DTLUFL;-;DTLUFL2;-;-;-;DTLUFL;-;-;-;DTNRDIR;-;DTLUFL;-;-;-;-;-;DTLUFL;-;-;-;DTNRDIR;-;DTLUFL;-;-;-;-;-;DTLUFL;-;-;-;DTNRDIR;-;-;-;DTLUFL;-;-;-;-;-;DTLUFL;-;-;-;-
64;x;-;-;RT05;IN07_26V;P3-2F;-;DTLUFL_26V;-;-;-;-;-;DTLUFL_26V;-;DTLUFL2_26V;-;-;-;DTLUFL_26V;-;-;-;DTNRDIR_26V;-;DTLUFL_26V;-;-;-;-;-;DTLUFL_26V;-;-;-;DTNRDIR_26V;-;DTLUFL_26V;-;-;-;-;-;DTLUFL_26V;-;-;-;DTNRDIR_26V;-;-;-;DTLUFL_26V;-;PX_DI_SPD1_26V;-;-;-;DTLUFL_26V;-;-;-;-
65;-;DTTH_555_00;DTTH03;-;-;NTC ingang ;DTLUSHD;-;-;-;-;-;-;-;-;-;-;-;DTLUSHD;-;-;-;-;-;DTLUSHD;-;-;-;-;-;DTLUSHD;-;-;-;-;-;DTLUSHD;-;DTTHWA;-;-;-;DTLUSHD;-;DTTHWA;-;-;-;-;-;-;-;-;-;-;-;-;-;-;-;-;-
66;x;-;-;-;DTTH03_PWM+;P3-2B;-;DTLUSHD+;-;-;-;-;-;-;-;-;-;-;-;DTLUSHD+;-;-;-;-;-;DTLUSHD+;-;-;-;-;-;DTLUSHD+;-;-;-;-;-;DTLUSHD+;-;DTTHWA+;-;-;-;DTLUSHD+;-;DTTHWA+;-;-;-;-;-;-;-;-;-;-;-;-;-;-;-;-
67;x;-;-;-;DTTH03_PWM-;P3-2Z;-;DTLUSHD-;-;-;-;-;-;-;-;-;-;-;-;DTLUSHD-;-;-;-;-;-;DTLUSHD-;-;-;-;-;-;DTLUSHD-;-;-;-;-;-;DTLUSHD-;-;DTTHWA-;-;-;-;DTLUSHD-;-;DTTHWA-;-;-;-;-;-;-;-;-;-;-;-;-;-;-;-;-
68;-;IN_NPN_S_00;IN09;-;-;ingang met pull up en 26V;PX_LVL_LP;-;-;-;-;-;-;-;-;-;-;-;PX_LVL_LP;-;-;-;-;-;PX_LVL_LP;-;-;-;-;-;PX_LVL_LP;-;-;-;-;-;PX_LVL_LP;-;-;-;-;-;PX_LVL_LP;-;-;-;-;-;-;-;PX_ELV_CLMP_LHS;-;HS_DI1_TX;-;-;-;-;-;-;-;-;-
69;x;-;-;-;IN09;P3-4D;-;PXLVL_LP;-;-;-;-;-;-;-;-;-;-;-;PXLVL_LP;-;-;-;-;-;PXLVL_LP;-;-;-;-;-;PXLVL_LP;-;-;-;-;-;PXLVL_LP;-;-;-;-;-;PXLVL_LP;-;-;-;-;-;-;-;-;-;-;-;-;-;-;-;-;-;-
70;x;-;-;RT05;IN09_26V;P3-4F;-;PXLVL_26V;-;-;-;-;-;-;-;-;-;-;-;PXLVL_26V;-;-;-;-;-;PXLVL_26V;-;-;-;-;-;PXLVL_26V;-;-;-;-;-;PXLVL_26V;-;-;-;-;-;PXLVL_26V;-;-;-;-;-;-;-;PX_ELV_CLMP_LHS_26V;-;HS_DI1_TX_26V;-;-;-;-;-;-;-;-
71;-;IN_NPN_G_00;IN10;-;-;ingang met pull up en massa;PX_LVL_WP;-;-;-;-;-;-;-;DTLUPRESS2;-;-;-;PX_LVL_WP;-;-;-;-;-;PX_LVL_WP;-;-;-;-;-;PX_LVL_WP;-;-;-;-;-;PX_LVL_WP;-;-;-;-;-;PX_LVL_WP;-;-;-;-;-;-;-;PX_ELV_CLMP_LHS;-;HS_DI1_TX;-;-;-;-;-;-;-;-;-
72;x;-;-;-;IN10;P3-4B;-;PXLVL_WP;-;-;-;-;-;-;-;DTLUPRESS2;-;-;-;PXLVL_WP;-;-;-;nc;-;PXLVL_WP;-;-;-;-;-;PXLVL_WP;-;-;-;nc;-;PXLVL_WP;-;-;-;-;-;PXLVL_WP;-;-;-;nc;-;-;-;-;-;-;-;-;-;-;-;-;-;-
73;x;-;-;-;IN10_GND;P3-4Z;-;PXLVL_GND;-;-;-;-;-;-;-;DTLUPRESS2_GND;-;-;-;PXLVL_GND;-;-;-;DTNRDIR_GND;-;PXLVL_GND;-;-;-;-;-;PXLVL_GND;-;-;-;DTNRDIR_GND;-;PXLVL_GND;-;-;-;-;-;PXLVL_GND;-;-;-;DTNRDIR_GND;-;-;-;PX_ELV_CLMP_LHS_GND;-;HS_DI1_TX_GND;-;-;-;-;-;-;-;-
74;-;IN_NPN_G_00;IN11;-;-;ingang met pull up en massa;-;-;-;-;-;-;-;-;-;-;-;-;-;-;-;-;PHM;-;-;-;-;-;-;-;-;-;-;-;PHM;-;-;-;-;-;-;-;-;-;-;-;PHM;-;-;-;HS_BM_TX;-;HS_DI2_TX;-;-;-;-;-;-;-;-;-
75;x;-;-;-;IN11;P3-6B;-;-;-;-;-;-;-;-;-;-;-;-;-;-;-;-;-;nc;-;-;-;-;-;-;-;-;-;-;-;nc;-;-;-;-;-;-;-;-;-;-;-;nc;-;-;-;-;-;-;-;-;-;-;-;-;-;-
76;x;-;-;-;IN11_GND;P3-6Z;-;-;-;-;-;-;-;-;-;-;-;-;-;-;-;-;-;PHM_GND;-;-;-;-;-;-;-;-;-;-;-;PHM_GND;-;-;-;-;-;-;-;-;-;-;-;PHM_GND;-;-;-;HS_BM_TX_GND;-;HS_DI2_TX_GND;-;-;-;-;-;-;-;-
77;-;IN_PNP_S_00;IN12;-;-;ingang met pull down en 26V;-;-;-;-;-;-;-;-;-;-;-;-;-;-;-;-;PHM;-;-;-;-;-;-;-;-;-;-;-;PHM;-;-;-;-;-;-;-;-;-;-;-;PHM;-;-;-;DT_EDGE_LHS;-;DT_EDGE_RHS;-;-;-;PBFAF;-;-;-;-;-
78;x;-;-;-;IN12;P3-8D;-;-;-;-;-;-;-;-;-;-;-;-;-;-;-;-;-;PHM_A;-;-;-;-;-;-;-;-;-;-;-;PHM_A;-;-;-;-;-;-;-;-;-;-;-;PHM_A;-;-;-;DT_EDGE_LHS;-;DT_EDGE_RHS;-;-;-;PBFAF;-;-;-;-
79;x;-;-;RT05;IN12_26V;P3-8F;-;-;-;-;-;-;-;-;-;-;-;-;-;-;-;-;-;nc;-;-;-;-;-;-;-;-;-;-;-;nc;-;-;-;-;-;-;-;-;-;-;-;nc;-;-;-;DT_EDGE_LHS_26V;-;DT_EDGE_RHS_26V;-;-;-;PBFA_26V;-;-;-;-
80;-;IN_PNP_S_00;IN13;-;-;ingang met pull down en 26V;-;-;-;-;-;-;-;-;-;-;-;-;-;-;-;-;PHM;-;-;-;-;-;-;-;-;-;-;-;PHM;-;-;-;-;-;-;-;-;-;-;-;PHM;-;-;-;PX_ELV_CLMP_RHS;-;-;-;-;-;PBFAR;-;-;-;-;-
81;x;-;-;-;IN13;P3-8B;-;-;-;-;-;-;-;-;-;-;-;-;-;-;-;-;-;PHM_B;-;-;-;-;-;-;-;-;-;-;-;PHM_B;-;-;-;-;-;-;-;-;-;-;-;PHM_B;-;-;-;-;-;-;-;-;-;PBFAR;-;-;-;-
82;x;-;-;RT05;IN13_26V;P3-8Z;-;-;-;-;-;-;-;-;-;-;-;-;-;-;-;-;-;PHM_26V;-;-;-;-;-;-;-;-;-;-;-;PHM_26V;-;-;-;-;-;-;-;-;-;-;-;PHM_26V;-;-;-;PX_ELV_CLMP_RHS_26V;-;-;-;-;-;-;-;-;-;-
83;-;IN_PX26V_00;IN_PX14;-;-;ingang met pull down en 26V + PX;-;-;-;-;-;-;-;-;-;-;-;-;-;-;-;-;-;-;-;-;-;-;-;-;-;-;-;-;-;-;PX_PF_LCK;-;-;-;PX_PRR_LHS;-;PX_PF_LCK;-;-;-;-;-;-;-;PX_ELV_END;-;PX_PRR;-;-;-;-;-;-;-;-;-
84;x;-;-;-;IN14;P3-16D;-;-;-;-;-;-;-;-;-;-;-;-;-;-;-;-;-;-;-;-;-;-;-;-;-;-;-;-;-;-;-;PX_PF_LCK;-;-;-;PX_PRR_LHS;-;PX_PF_LCK;-;-;-;-;-;-;-;PX_ELV_END;-;PX_PRR;-;-;-;-;-;-;-;-
85;x;-;-;RT06;IN14_26V;P3-16F;-;-;-;-;-;-;-;-;-;-;-;-;-;-;-;-;-;-;-;-;-;-;-;-;-;-;-;-;-;-;-;PX_PF_LCK_26V;-;-;-;PX_PRR_LHS_26V;-;PX_PF_LCK_26V;-;-;-;-;-;-;-;PX_ELV_END_26V;-;PX_PRR_26V;-;-;-;-;-;-;-;-
86;-;IN_PX26V_00;IN_PX15;-;-;ingang met pull down en 26V + PX;-;-;DTCTTH;-;-;-;-;-;DTCTTH;-;-;-;-;-;-;-;-;-;-;-;DTCTTH;-;-;-;-;-;-;-;-;-;-;-;DTCTTH;-;PX_PRR_RHS;-;-;-;DTCTTH;-;-;-;-;-;PX_ELV_MID;-;HS_DI2_TX;-;-;-;DTCTTH;-;-;-;-;-
87;x;-;-;-;IN15;P3-16B;-;-;-;DTCTTH;-;-;-;-;-;DTCTTH;-;-;-;-;-;-;-;-;-;-;-;DTCTTH;-;-;-;-;-;-;-;-;-;-;-;DTCTTH;-;PX_PRR_RHS;-;-;-;DTCTTH;-;-;-;-;-;PX_ELV_MID;-;-;-;-;-;DTCTTH;-;-;-;-
88;x;-;-;RT06;IN15_26V;P3-16Z;-;-;-;DTCTTH_26V;-;-;-;-;-;DTCTTH_26V;-;-;-;-;-;-;-;-;-;-;-;DTCTTH_26V;-;-;-;-;-;-;-;-;-;-;-;DTCTTH_26V;-;PX_PRR_RHS_26V;-;-;-;DTCTTH_26V;-;-;-;-;-;PX_ELV_MID_26V;-;HS_DI2_TX_26V;-;-;-;DTCTTH_26V;-;-;-;-
89;-;IN_PX26V_00;IN_PX16;-;-;ingang met pull down en 26V + PX;-;-;-;-;-;-;-;-;-;-;-;-;-;-;-;-;-;-;-;-;-;-;-;-;-;-;-;-;-;-;PX_WRB_RHS;-;PX_WRB_WND_RHS;-;-;-;-;-;-;-;-;-;-;-;HS_BM_TX;-;PX_DI_SPD2;-;-;-;-;-;-;-;-;-
90;x;-;-;-;IN16;P3-18D;-;-;-;-;-;-;-;-;-;-;-;-;-;-;-;-;-;-;-;-;-;-;-;-;-;-;-;-;-;-;-;PX_WRB_RHS;-;PX_WRB_WND_RHS;-;-;-;-;-;-;-;-;-;-;-;-;-;-;-;-;-;-;-;-;-;-
91;x;-;-;RT06;IN16_26V;P3-18F;-;-;-;-;-;-;-;-;-;-;-;-;-;-;-;-;-;-;-;-;-;-;-;-;-;-;-;-;-;-;-;PX_WRB_RHS_26V;-;PX_WRB_WND_RHS_26V;-;-;-;-;-;-;-;-;-;-;-;HS_BM_TX_26V;-;PX_DI_SPD2_26V;-;-;-;-;-;-;-;-
92;-;IN_PX26V_00;IN_PX17;-;-;ingang met pull down en 26V + PX;-;-;-;-;-;-;-;-;-;-;-;-;-;-;-;-;-;-;-;-;-;-;-;-;-;-;-;-;MDLO_LHS_PB_R;-;PX_WRB_LHS;-;PX_WRB_WND_LHS;-;-;-;-;-;-;-;MDLO_LHS_PB_R;-;-;-;PX_BM_SPD1;-;HS_DI3_TX;-;-;-;-;-;-;-;-;-
93;x;-;-;-;IN17;P3-18B;-;-;-;-;-;-;-;-;-;-;-;-;-;-;-;-;-;-;-;-;-;-;-;-;-;-;-;-;-;MDLO_LHS_PB_R;-;PX_WRB_LHS;-;PX_WRB_WND_LHS;-;-;-;-;-;-;-;MDLO_LHS_PB_R;-;-;-;-;-;-;-;-;-;-;-;-;-;-
94;x;-;-;RT06;IN17_26V;P3-18Z;-;-;-;-;-;-;-;-;-;-;-;-;-;-;-;-;-;-;-;-;-;-;-;-;-;-;-;-;-;MDLO_LHS_26V;-;PX_WRB_LHS_26V;-;PX_WRB_WND_LHS_26V;-;-;-;-;-;-;-;MDLO_LHS_26V;-;-;-;PX_BM_SPD1_26V;-;HS_DI3_TX_26V;-;-;-;-;-;-;-;-
95;-;IN_PNP_S_00;IN18;-;-;ingang met pull down en 26V;-;-;-;-;-;-;DTQMLU;-;-;-;-;-;-;-;-;-;-;-;-;-;-;-;-;-;-;-;-;-;MDLO_LHS_PB_F;-;DTQMLU;-;-;-;-;-;DTQMLU;-;-;-;MDLO_LHS_PB_F;-;-;-;-;-;HS_DI1_RX;-;-;-;DTQMLU;-;-;-;-;-
96;x;-;-;-;IN18;P3-20D;-;-;-;-;-;-;-;DTQMLU;-;-;-;-;-;-;-;-;-;-;-;-;-;-;-;-;-;-;-;-;-;MDLO_LHS_PB_F;-;DTQMLU;-;-;-;-;-;DTQMLU;-;-;-;MDLO_LHS_PB_F;-;-;-;-;-;-;-;-;-;DTQMLU;-;-;-;-
97;x;-;-;RT07;IN18_26V;P3-20F;-;-;-;-;-;-;-;nc;-;-;-;-;-;-;-;-;-;-;-;-;-;-;-;-;-;-;-;-;-;nc;-;nc;-;-;-;-;-;nc;-;-;-;nc;-;-;-;-;-;HS_DI1_RX_26V;-;-;-;nc;-;-;-;-
98;-;IN_PNP_S_00;IN19;-;-;ingang met pull down en 26V;DTKAUX;-;-;-;-;-;DTKAUX;-;-;-;-;-;DTKAUX;-;-;-;-;-;DTKAUX;-;-;-;-;-;DTKAUX;-;-;-;MDLO_LHS_GB_R;-;DTKAUX;-;-;-;DTCTTH(B);-;DTKAUX;-;-;-;MDLO_LHS_GB_R;-;-;-;HS_BM_RX/DTKAUX;-;HS_DI2_RX;-;-;-;DTKAUX;-;-;-;-;-
99;x;-;-;-;IN19;P3-20B;-;DTKAUX;-;-;-;-;-;DTKAUX;-;-;-;-;-;DTKAUX;-;-;-;-;-;DTKAUX;-;-;-;-;-;DTKAUX;-;-;-;MDLO_LHS_GB_R;-;DTKAUX;-;-;-;DTCTTH(B);-;DTKAUX;-;-;-;MDLO_LHS_GB_R;-;-;-;DTKAUX;-;-;-;-;-;DTKAUX;-;-;-;-
100;x;-;-;RT07;IN19_26V;P3-20Z;-;nc;-;-;-;-;-;nc;-;-;-;-;-;nc;-;-;-;-;-;nc;-;-;-;-;-;nc;-;-;-;nc;-;nc;-;-;-;DTCTTH(B)_26V;-;nc;-;-;-;nc;-;-;-;HS_BM_RX_26V;-;HS_DI2_RX_26V;-;-;-;nc;-;-;-;-
101;-;IN_PNP_S_00;IN20;-;-;ingang met pull down en 26V;DTQMASP1;-;-;-;-;-;DTQMASP1;-;-;-;-;-;DTQMASP1;-;-;-;-;-;DTQMASP1;-;-;-;-;-;DTQMASP1;-;-;-;MDLO_LHS_GB_F;-;DTQMASP1;-;DTQMASP2;-;-;-;DTQMASP1;-;DTQMASP2;-;MDLO_LHS_GB_F;-;-;-;PX_BM_SPD2;-;HS_DI3_RX;-;-;-;DTQMASP1;-;-;-;-;-
102;x;-;-;-;IN20;P3-22D;-;DTQMASP1;-;-;-;-;-;DTQMASP1;-;-;-;-;-;DTQMASP1;-;-;-;-;-;DTQMASP1;-;-;-;-;-;DTQMASP1;-;-;-;MDLO_LHS_GB_F;-;DTQMASP1;-;DTQMASP2;-;-;-;DTQMASP1;-;DTQMASP2;-;MDLO_LHS_GB_F;-;-;-;-;-;-;-;-;-;DTQMASP1;-;-;-;-
103;x;-;-;RT07;IN20_26V;P3-22F;-;nc;-;-;-;-;-;nc;-;-;-;-;-;nc;-;-;-;-;-;nc;-;-;-;-;-;nc;-;-;-;nc;-;nc;-;DTQMASP2_26V ;-;-;-;nc;-;DTQMASP2_26V ;-;nc;-;-;-;PX_BM_SPD2_26V;-;HS_DI3_RX_26V;-;-;-;nc;-;-;-;-
104;-;IN_PNP_S_00;IN21;-;-;ingang met pull down en 26V;DTKMM;-;-;-;-;-;DTKMM;-;-;-;-;-;DTKMM;-;-;-;-;-;DTKMM;-;-;-;-;-;DTKMM;-;-;-;MDLO_RHS_PB_R;-;DTKMM;-;-;-;-;-;DTKMM;-;-;-;MDLO_RHS_PB_R;-;-;-;DTKMM;-;-;-;-;-;DTKMM;-;-;-;-;-
105;x;-;-;-;IN21;P3-22B;-;DTKMM;-;-;-;-;-;DTKMM;-;-;-;-;-;DTKMM;-;-;-;-;-;DTKMM;-;-;-;-;-;DTKMM;-;-;-;MDLO_RHS_PB_R;-;DTKMM;-;-;-;-;-;DTKMM;-;-;-;MDLO_RHS_PB_R;-;-;-;DTKMM;-;-;-;-;-;DTKMM;-;-;-;-
106;x;-;-;RT07;IN21_26V;P3-22Z;-;SUPQ;-;-;-;-;-;SUPQ;-;-;-;-;-;SUPQ;-;-;-;-;-;SUPQ;-;-;-;-;-;SUPQ;-;-;-;MDLO_RHS_26V;-;SUPQ;-;-;-;-;-;SUPQ;-;-;-;MDLO_RHS_26V;-;-;-;SUPQ;-;-;-;-;-;SUPQ;-;-;-;-
107;-;IN_PNP_00;IN22;-;-;ingang met pull down;DTQMLVL;-;-;-;-;-;-;-;-;-;-;-;DTQMLVL;-;-;-;-;-;DTQMLVL;-;-;-;-;-;DTQMLVL;-;-;-;MDLO_RHS_PB_F;-;DTQMLVL;-;-;-;-;-;DTQMLVL;-;-;-;MDLO_RHS_PB_F;-;-;-;-;-;-;-;-;-;-;-;-;-;-;-
108;x;-;-;-;IN22;P3-24F;-;DTQMLVL;-;-;-;-;-;-;-;-;-;-;-;DTQMLVL;-;-;-;-;-;DTQMLVL;-;-;-;-;-;DTQMLVL;-;-;-;MDLO_RHS_PB_F;-;DTQMLVL;-;-;-;-;-;DTQMLVL;-;-;-;MDLO_RHS_PB_F;-;-;-;-;-;-;-;-;-;-;-;-;-;-
109;-;IN_PNP_00;IN23;-;-;ingang met pull down;DTKMASP;-;-;-;-;-;DTKMASP;-;-;-;-;-;DTKMASP;-;-;-;-;-;DTKMASP;-;-;-;-;-;DTKMASP;-;-;-;MDLO_RHS_GB_R;-;DTKMASP;-;-;-;-;-;DTKMASP;-;-;-;MDLO_RHS_GB_R;-;-;-;-;-;-;-;-;-;DTKMASP;-;-;-;-;-
110;x;-;-;-;IN23;P3-24D;-;DTKMASP;-;-;-;-;-;DTKMASP;-;-;-;-;-;DTKMASP;-;-;-;-;-;DTKMASP;-;-;-;-;-;DTKMASP;-;-;-;MDLO_RHS_GB_R;-;DTKMASP;-;-;-;-;-;DTKMASP;-;-;-;MDLO_RHS_GB_R;-;-;-;-;-;-;-;-;-;DTKMASP;-;-;-;-
111;-;IN_PNP_00;IN24;-;-;ingang met pull down;BMSTA;-;-;-;-;-;BMSTA;-;-;-;-;-;BMSTA;-;-;-;-;-;BMSTA;-;-;-;-;-;BMSTA;-;-;-;MDLO_RHS_GB_F;-;BMSTA;-;-;-;-;-;BMSTA;-;-;-;MDLO_RHS_GB_F;-;-;-;-;-;-;-;-;-;BMSTA;-;-;-;-;-
112;x;-;-;-;IN24;P3-24B;-;BMSTA;-;-;-;-;-;BMSTA;-;-;-;-;-;BMSTA;-;-;-;-;-;BMSTA;-;-;-;-;-;BMSTA;-;-;-;MDLO_RHS_GB_F;-;BMSTA;-;-;-;-;-;BMSTA;-;-;-;MDLO_RHS_GB_F;-;-;-;-;-;-;-;-;-;BMSTA;-;-;-;-
113;-;-;-;-;-;-;-;-;-;-;-;-;-;-;-;-;-;-;-;-;-;-;-;-;-;-;-;-;-;-;-;-;-;-;-;-;-;-;-;-;-;-;-;-;-;-;-;-;-;-;-;-;-;-;-;-;-;-;-;-;-;-
114;-;-;Warp Detector Interface;-;-;-;-;-;-;-;-;-;-;-;-;-;-;-;-;-;-;-;-;-;-;-;-;-;-;-;-;-;-;-;-;-;-;-;-;-;-;-;-;-;-;-;-;-;-;-;-;-;-;-;-;-;-;-;-;-;-;-
115;-;-;SUP00;-;-;26V en massa;WD_SUP;-;-;-;-;-;WD_SUP;-;-;-;-;-;GDWD;-;-;-;PILEWD;-;WD_SUP;-;-;-;-;-;GDWD;-;-;-;PILEWD;-;WD_SUP;-;LSTP;-;WD_CU_SUP;-;GDWD;-;LSTP;-;PILEWD;-;-;-;WD_SUP;-;WD_CU_SUP;-;-;-;WD_SUP;-;-;-;-;-
116;x;-;-;RT02;SUP00_26V;P1-18Z;-;WD_26V;-;-;-;-;-;WD_26V;-;-;-;-;-;nc;-;-;-;nc;-;WD_26V;-;-;-;-;-;nc;-;-;-;nc;-;WD_26V;-;LSTP_26V;-;WD_26V;-;nc;-;LSTP_26V;-;nc;-;-;-;WD_26V;-;WD_CU_26V;-;-;-;WD_26V;-;-;-;-
117;x;-;-;-;SUP00_GND;P1-18F;-;WD_GND;-;-;-;-;-;WD_GND;-;-;-;-;-;GDWDLHS_GND;-;-;-;PILEWDLHS_GND;-;WD_GND;-;-;-;-;-;GDWDLHS_GND;-;-;-;PILEWDLHS_GND;-;WD_GND;-;LSTP_GND;-;WD_GND;-;GDWDLHS_GND;-;LSTP_GND;-;PILEWDLHS_GND;-;-;-;WD_GND;-;WD_CU_GND;-;-;-;WD_GND;-;-;-;-
118;-;IN_NPN_01;IN05;-;-;ingang met pull up (Warp Detector);WD_LHS;-;-;-;-;-;WD_LHS;-;-;-;-;-;GDWD_LHS;-;-;-;PILEWD_LHS;-;WD_LHS;-;-;-;-;-;GDWD_LHS;-;-;-;PILEWD_LHS;-;WD_LHS;-;LSTP;-;-;-;GDWD_LHS;-;LSTP;-;PILEWD_LHS;-;-;-;-;-;-;-;-;-;WD_LHS;-;-;-;-;-
119;x;-;-;-;IN05;P1-18D;-;WD_LHS;-;-;-;-;-;WD_LHS;-;-;-;-;-;GDWD_LHS;-;-;-;PILEWD_LHS;-;WD_LHS;-;-;-;-;-;GDWD_LHS;-;-;-;PILEWD_LHS;-;WD_LHS;-;LSTP_IN;-;-;-;GDWD_LHS;-;LSTP_IN;-;PILEWD_LHS;-;-;-;-;-;-;-;-;-;WD_LHS;-;-;-;-
120;-;IN_NPN_01;IN06;-;-;ingang met pull up (Warp Detector);WD_RHS;-;-;-;-;-;WD_RHS;-;-;-;-;-;GDWD_RHS;-;-;-;PILEWD_RHS;-;WD_RHS;-;-;-;-;-;GDWD_RHS;-;-;-;PILEWD_RHS;-;WD_RHS;-;-;-;WD_CU_RHS;-;GDWD_RHS;-;-;-;PILEWD_RHS;-;-;-;WD;-;WD_CU;-;-;-;WD_RHS;-;-;-;-;-
121;x;-;-;-;IN06;P1-18B;-;WD_RHS;-;-;-;-;-;WD_RHS;-;-;-;-;-;GDWD_RHS;-;-;-;PILEWD_RHS;-;WD_RHS;-;-;-;-;-;GDWD_RHS;-;-;-;PILEWD_RHS;-;WD_RHS;-;-;-;WD_CU_RHS;-;GDWD_RHS;-;-;-;PILEWD_RHS;-;-;-;WD;-;WD_CU;-;-;-;WD_RHS;-;-;-;-
122;-;OUT_PNP_R_00;OUT10;-;-;uitgang met serieR en massa;-;-;-;-;-;-;-;-;-;-;-;-;GDWD_LHS_LED;-;-;-;PILEWD_LHS_LED;-;-;-;-;-;-;-;GDWD_LHS_LED;-;-;-;PILEWD_LHS_LED;-;-;-;LSTP;-;-;-;GDWD_LHS_LED;-;LSTP;-;PILEWD_LHS_LED;-;-;-;-;-;-;-;-;-;-;-;-;-;-;-
123;x;-;-;-;OUT10;P1-20D;-;-;-;-;-;-;-;-;-;-;-;-;-;GDWD_LHS_LED+;-;-;-;PILEWD_LHS_LED+;-;-;-;-;-;-;-;GDWD_LHS_LED+;-;-;-;PILEWD_LHS_LED+;-;-;-;nc;-;-;-;GDWD_LHS_LED+;-;nc;-;PILEWD_LHS_LED+;-;-;-;-;-;-;-;-;-;-;-;-;-;-
124;x;-;-;-;OUT10_GND;P1-20F;-;-;-;-;-;-;-;-;-;-;-;-;-;GDWD_LHS_GND;-;-;-;PILEWD_LHS_GND;-;-;-;-;-;-;-;GDWD_LHS_GND;-;-;-;PILEWD_LHS_GND;-;-;-;LSTP_IN_GND;-;-;-;GDWD_LHS_GND;-;LSTP_IN_GND;-;PILEWD_LHS_GND;-;-;-;-;-;-;-;-;-;-;-;-;-;-
125;-;OUT_PNP_R_00;OUT11;-;-;uitgang met serieR en massa;LEDWD_RHS;-;-;-;-;-;LEDWD_RHS;-;-;-;-;-;GDWD_RHS_LED;-;-;-;PILEWD_RHS_LED;-;LEDWD_RHS;-;-;-;-;-;GDWD_RHS_LED;-;-;-;PILEWD_RHS_LED;-;LEDWD_RHS;-;LSTP;-;LEDWD_CU_RHS;-;GDWD_RHS_LED;-;LSTP;-;PILEWD_RHS_LED;-;-;-;LEDWD;-;LEDWD_CU;-;-;-;LEDWD_RHS;-;-;-;-;-
126;x;-;-;-;OUT11;P1-20B;-;LEDWD_RHS;-;-;-;-;-;LEDWD_RHS;-;-;-;-;-;GDWD_RHS_LED+;-;-;-;PILEWD_RHS_LED+;-;LEDWD_RHS;-;-;-;-;-;GDWD_RHS_LED+;-;-;-;PILEWD_RHS_LED+;-;LEDWD_RHS;-;LSTP_ZP;-;LEDWD_CU_RHS;-;GDWD_RHS_LED+;-;LSTP_ZP;-;PILEWD_RHS_LED+;-;-;-;LEDWD2;-;WD_CU_LED;-;-;-;LEDWD_RHS;-;-;-;-
127;x;-;-;-;OUT11_GND;P1-20Z;-;LEDWD_RHS_GND;-;-;-;-;-;LEDWD_RHS_GND;-;-;-;-;-;GDWD_RHS_GND;-;-;-;PILEWD_RHS_GND;-;LEDWD_RHS_GND;-;-;-;-;-;GDWD_RHS_GND;-;-;-;PILEWD_RHS_GND;-;LEDWD_RHS_GND;-;LSTP_ZP_GND;-;LEDWD_RHS_GND;-;GDWD_RHS_GND;-;LSTP_ZP_GND;-;PILEWD_RHS_GND;-;-;-;LEDWD2_GND;-;WD_CU_LED_GND;-;-;-;LEDWD_RHS_GND;-;-;-;-
128;-;-;-;-;-;-;-;-;-;-;-;-;-;-;-;-;-;-;-;-;-;-;-;-;-;-;-;-;-;-;-;-;-;-;-;-;-;-;-;-;-;-;-;-;-;-;-;-;-;-;-;-;-;-;-;-;-;-;-;-;-;-
129;-;-;Dedicated in/out;-;-;-;-;-;-;-;-;-;-;-;-;-;-;-;-;-;-;-;-;-;-;-;-;-;-;-;-;-;-;-;-;-;-;-;-;-;-;-;-;-;-;-;-;-;-;-;-;-;-;-;-;-;-;-;-;-;-;-
130;-;IN_PX8V_00;PX00;-;-;PX ingang en 8V;-;-;PX_FASFTY;-;-;-;-;-;PX_FASFTY;-;-;-;-;-;PX_FASFTY;-;PX_TER;-;PX_PBR;-;PX_FASFTY;-;-;-;PX_PBR;-;PX_FASFTY / PX_SFTY;-;PX_TER;-;-;-;PX_FASFTY;-;-;-;-;-;PX_FASFTY / PX_SFTY;-;PX_TER;-;-;-;PX_BM_TNR;-;PX_DI_TNR;-;-;-;PX_FASFTY;-;-;-;-;-
131;x;-;-;-;PX00;P3-6D;-;-;-;PX_FASFTY;-;-;-;-;-;PX_FASFTY;-;-;-;-;-;PX_FASFTY;-;PX_TER;-;PX_PBR;-;PX_FASFTY;-;-;-;PX_PBR;-;PX_FASFTY / PX_SFTY;-;PX_TER;-;-;-;PX_FASFTY;-;-;-;-;-;PX_FASFTY / PX_SFTY;-;PX_TER;-;-;-;PX_BM_TNR;-;PX_DI_TNR;-;-;-;PX_FASFTY;-;-;-;-
132;x;-;-;-;PX00_8V;P3-6F;-;-;-;PX_FASFTY_8V;-;-;-;-;-;PX_FASFTY_8V;-;-;-;-;-;PX_FASFTY_8V;-;PX_TER_8V;-;PX_PBR_8V;-;PX_FASFTY_8V;-;-;-;PX_PBR_8V;-;PX_FASFTY_8V / PX_SFTY_8V;-;PX_TER_8V;-;-;-;PX_FASFTY_8V;-;-;-;-;-;PX_FASFTY_8V / PX_SFTY_8V;-;PX_TER_8V;-;-;-;PX_BM_TNR_8V;-;PX_DI_TNR_8V;-;-;-;PX_FASFTY_8V;-;-;-;-
133;-;-;-;-;-;-;-;-;-;-;-;-;-;-;-;-;-;-;-;-;-;-;-;-;-;-;-;-;-;-;-;-;-;-;-;-;-;-;-;-;-;-;-;-;-;-;-;-;-;-;-;-;-;-;-;-;-;-;-;-;-;-
134;-;DTTH_HV_00;DTTH00;-;-;ingang thermisch contact;DTTHMASP1;-;-;-;-;-;DTTHMASP1;-;-;-;-;-;DTTHMASP1;-;-;-;-;-;DTTHMASP1;-;-;-;-;-;DTTHMASP1;-;-;-;-;-;DTTHMASP1;-;DTTHMASP2;-;-;-;DTTHMASP1;-;DTTHMASP2;-;-;-;-;-;-;-;-;-;-;-;DTTHMASP1;-;-;-;-;-
135;x;-;-;-;DTTH00;P3-30B;-;DTTHMASP1;-;-;-;-;-;DTTHMASP1;-;-;-;-;-;DTTHMASP1;-;-;-;-;-;DTTHMASP1;-;-;-;-;-;DTTHMASP1;-;-;-;-;-;DTTHMASP1;-;DTTHMASP2;-;-;-;DTTHMASP1;-;DTTHMASP2;-;-;-;-;-;-;-;-;-;-;-;DTTHMASP1;-;-;-;-
136;x;-;-;-;DTTH00_SUP;P3-30D;-;DTTHMASP1_SUP;-;-;-;-;-;DTTHMASP1_SUP;-;-;-;-;-;DTTHMASP1_SUP;-;-;-;-;-;DTTHMASP1_SUP;-;-;-;-;-;DTTHMASP1_SUP;-;-;-;-;-;DTTHMASP1_SUP;-;DTTHMASP2_SUP;-;-;-;DTTHMASP1_SUP;-;DTTHMASP2_SUP;-;-;-;-;-;-;-;-;-;-;-;DTTHMASP1_SUP;-;-;-;-
137;-;DTTH_HV_00;DTTH01;-;-;ingang thermisch contact;DTTHTM;-;-;-;-;-;DTTHTM;-;DTTHMLU;-;-;-;DTTHTM;-;-;-;-;-;DTTHTM;-;-;-;-;-;DTTHTM;-;-;-;-;-;DTTHMLU;-;DTTHTM;-;-;-;DTTHMLU;-;DTTHTM;-;-;-;-;-;DTTHTM;-;-;-;-;-;DTTHMLU;-;DTTHTM;-;-;-
138;x;-;-;-;DTTH01;P3-32B;-;DTTHTM;-;-;-;-;-;DTTHTM;-;DTTHMLU;-;-;-;DTTHTM;-;-;-;-;-;DTTHTM;-;-;-;-;-;DTTHTM;-;-;-;-;-;DTTHMLU;-;DTTHTM;-;-;-;DTTHMLU;-;DTTHTM;-;-;-;-;-;DTTHTM;-;-;-;-;-;DTTHMLU;-;DTTHTM;-;-
139;x;-;-;-;DTTH01_SUP;P3-32D;-;DTTHTM_SUP;-;-;-;-;-;DTTHTM_SUP;-;DTTHMLU_SUP;-;-;-;DTTHTM_SUP;-;-;-;-;-;DTTHTM_SUP;-;-;-;-;-;DTTHTM_SUP;-;-;-;-;-;DTTHMLU_SUP;-;DTTHTM_SUP;-;-;-;DTTHMLU_SUP;-;DTTHTM_SUP;-;-;-;-;-;DTTHTM_SUP;-;-;-;-;-;DTTHMLU_SUP;-;DTTHTM_SUP;-;-
140;-;-;-;-;-;-;-;-;-;-;-;-;-;-;-;-;-;-;-;-;-;-;-;-;-;-;-;-;-;-;-;-;-;-;-;-;-;-;-;-;-;-;-;-;-;-;-;-;-;-;-;-;-;-;-;-;-;-;-;-;-;-
141;-;-;48VACP_IN;-;-;-;48VACP_IN;-;48VACP_IN;-;-;-;48VACP_IN;-;48VACP_IN;-;-;-;48VACP_IN;-;48VACP_IN;-;-;-;48VACP_IN;-;48VACP_IN;-;-;-;48VACP_IN;-;48VACP_IN;-;-;-;48VACP_IN;-;48VACP_IN;-;-;-;48VACP_IN;-;48VACP_IN;-;-;-;-;-;48VACP_IN;-;48VACP_IN;-;-;-;48VACP_IN;-;-;-;-;-
142;x;-;-;-;48VACP;P3-32F;-;48VACP;-;48VACP;-;-;-;48VACP;-;48VACP;-;-;-;48VACP;-;48VACP;-;-;-;48VACP;-;48VACP;-;-;-;48VACP;-;48VACP;-;-;-;48VACP;-;48VACP;-;-;-;48VACP;-;48VACP;-;-;-;-;-;48VACP;-;48VACP;-;-;-;48VACP;-;-;-;-
143;x;-;-;-;48CACP_RETURN;P3-30F;-;48VACP_RETURN;-;48VACP_RETURN;-;-;-;48VACP_RETURN;-;48VACP_RETURN;-;-;-;48VACP_RETURN;-;48VACP_RETURN;-;-;-;48VACP_RETURN;-;48VACP_RETURN;-;-;-;48VACP_RETURN;-;48VACP_RETURN;-;-;-;48VACP_RETURN;-;48VACP_RETURN;-;-;-;48VACP_RETURN;-;48VACP_RETURN;-;-;-;-;-;48VACP_RETURN;-;48VACP_RETURN;-;-;-;48VACP_RETURN;-;-;-;-
144;-;-;48VACP_OUT;-;-;-;48VACP_OUT;-;-;-;-;-;48VACP_OUT;-;-;-;-;-;48VACP_OUT;-;-;-;-;-;48VACP_OUT;-;-;-;-;-;48VACP_OUT;-;-;-;-;-;48VACP_OUT;-;-;-;-;-;48VACP_OUT;-;-;-;-;-;-;-;48VACP_OUT;-;-;-;-;-;-;-;-;-;-;-
145;x;-;-;-;48VACP;P3-32Z;-;48VACP;-;-;-;-;-;48VACP;-;-;-;-;-;48VACP;-;-;-;-;-;48VACP;-;-;-;-;-;48VACP;-;-;-;-;-;48VACP;-;-;-;-;-;48VACP;-;-;-;-;-;-;-;48VACP;-;-;-;-;-;-;-;-;-;-
146;x;-;-;-;48CACP_RETURN;P3-30Z;-;48VACP_RETURN;-;-;-;-;-;48VACP_RETURN;-;-;-;-;-;48VACP_RETURN;-;-;-;-;-;48VACP_RETURN;-;-;-;-;-;48VACP_RETURN;-;-;-;-;-;48VACP_RETURN;-;-;-;-;-;48VACP_RETURN;-;-;-;-;-;-;-;48VACP_RETURN;-;-;-;-;-;-;-;-;-;-
147;-;-;-;-;-;-;-;-;-;-;-;-;-;-;-;-;-;-;-;-;-;-;-;-;-;-;-;-;-;-;-;-;-;-;-;-;-;-;-;-;-;-;-;-;-;-;-;-;-;-;-;-;-;-;-;-;-;-;-;-;-;-
148;-;OUT_48VAC_01;OUT48VAC00;-;-;48Vac uitgang;KLVLON;-;-;-;-;-;-;-;-;-;-;-;KLVLON;-;-;-;-;-;KLVLON;-;-;-;-;-;KLVLON;-;-;-;-;-;KLVLON;-;-;-;-;-;KLVLON;-;-;-;-;-;-;-;-;-;-;-;-;-;KLVLON;-;-;-;-;-
149;x;-;-;-;OUT48V00;P3-26F;-;KLVLON;-;-;-;-;-;-;-;-;-;-;-;KLVLON;-;-;-;-;-;KLVLON;-;-;-;-;-;KLVLON;-;-;-;-;-;KLVLON;-;-;-;-;-;KLVLON;-;-;-;-;-;-;-;-;-;-;-;-;-;KLVLON;-;-;-;-
150;-;OUT_48VAC_01;OUT48VAC01;-;-;48Vac uitgang;KMASP 1;-;-;-;-;-;KMASP 1;-;-;-;-;-;KMASP 1 en 2;-;-;-;-;-;KMASP 1;-;-;-;-;-;KMASP 1 en 2;-;-;-;-;-;KMASP 1 en 2;-;-;-;-;-;KMASP 1 en 2;-;-;-;-;-;-;-;-;-;-;-;-;-;KMASP1;-;-;-;-;-
151;x;-;-;-;OUT48V01;P3-26D;-;KMASP;-;-;-;-;-;KMASP;-;-;-;-;-;KMASP;-;-;-;-;-;KMASP;-;-;-;-;-;KMASP;-;-;-;-;-;KMASP;-;-;-;-;-;KMASP;-;-;-;-;-;-;-;-;-;-;-;-;-;KMASP;-;-;-;-
152;-;OUT_48VAC_01;OUT48VAC02;-;-;48Vac uitgang;STRSTP;-;-;-;-;-;STRSTP;-;-;-;-;-;STRSTP;-;-;-;-;-;STRSTP;-;-;-;-;-;STRSTP;-;-;-;-;-;STRSTP;-;-;-;-;-;STRSTP;-;-;-;-;-;-;-;STRSTP;-;-;-;-;-;STRSTP;-;-;-;-;-
153;x;-;-;-;OUT48V02;P3-26B;-;STRSTP;-;-;-;-;-;STRSTP;-;-;-;-;-;STRSTP;-;-;-;-;-;STRSTP;-;-;-;-;-;STRSTP;-;-;-;-;-;STRSTP;-;-;-;-;-;STRSTP;-;-;-;-;-;-;-;STRSTP;-;-;-;-;-;STRSTP;-;-;-;-
154;-;OUT_48VAC_01;OUT48VAC03;-;-;48Vac uitgang;KLVLOFF;-;-;-;-;-;-;-;-;-;-;-;KLVLOFF;-;-;-;-;-;KLVLOFF;-;-;-;-;-;KLVLOFF;-;-;-;-;-;KLVLOFF;-;-;-;-;-;KLVLOFF;-;-;-;-;-;-;-;-;-;-;-;-;-;KLVLOFF;-;-;-;-;-
155;x;-;-;-;OUT48V03;P3-28F;-;KLVLOFF;-;-;-;-;-;-;-;-;-;-;-;KLVLOFF;-;-;-;-;-;KLVLOFF;-;-;-;-;-;KLVLOFF;-;-;-;-;-;KLVLOFF;-;-;-;-;-;KLVLOFF;-;-;-;-;-;-;-;-;-;-;-;-;-;KLVLOFF;-;-;-;-
156;-;OUT_48VAC_01;OUT48VAC04;-;-;48Vac uitgang;KAUX;-;-;-;-;-;KAUX;-;-;-;-;-;KAUX;-;-;-;-;-;KAUX;-;-;-;-;-;KAUX;-;-;-;-;-;KAUX;-;-;-;-;-;KAUX;-;-;-;-;-;-;-;KAUX;-;-;-;-;-;KAUX;-;-;-;-;-
157;x;-;-;-;OUT48V04;P3-28D;-;KAUX;-;-;-;-;-;KAUX;-;-;-;-;-;KAUX;-;-;-;-;-;KAUX;-;-;-;-;-;KAUX;-;-;-;-;-;KAUX;-;-;-;-;-;KAUX;-;-;-;-;-;-;-;KAUX;-;-;-;-;-;KAUX;-;-;-;-
158;-;OUT_48VAC_00;OUT48VAC05;-;-;48Vac uitgang en massa en feedback;KMM;-;-;-;-;-;KMM;-;-;-;-;-;KMM;-;-;-;-;-;KMM;-;-;-;-;-;KMM;-;-;-;-;-;KMM;-;-;-;-;-;KMM;-;-;-;-;-;-;-;KMM;-;HS_DI3_RX;-;-;-;KMM;-;-;-;-;-
159;x;-;-;-;OUT48V05;P3-28B;-;KMM;-;-;-;-;-;KMM;-;-;-;-;-;KMM;-;-;-;-;-;KMM;-;-;-;-;-;KMM;-;-;-;-;-;KMM;-;-;-;-;-;KMM;-;-;-;-;-;-;-;KMM;-;-;-;-;-;KMM;-;-;-;-
160;x;-;-;-;OUT48V05_GND;P3-28Z;-;K_COM;-;-;-;-;-;K_COM;-;-;-;-;-;K_COM;-;-;-;-;-;K_COM;-;-;-;-;-;K_COM;-;-;-;-;-;K_COM;-;-;-;-;-;K_COM;-;-;-;-;-;-;-;K_COM;-;HS_DI3_RX_GND;-;-;-;K_COM;-;-;-;-
161;-;-;-;-;-;-;-;-;-;-;-;-;-;-;-;-;-;-;-;-;-;-;-;-;-;-;-;-;-;-;-;-;-;-;-;-;-;-;-;-;-;-;-;-;-;-;-;-;-;-;-;-;-;-;-;-;-;-;-;-;-;-
162;-;OUT_OC_00;OUT_OC00;-;-;uitgang open collector;-;-;-;-;-;-;-;-;-;-;-;-;-;-;-;-;-;-;FAN_IC;-;-;-;-;-;-;-;-;-;-;-;-;-;-;-;-;-;-;-;-;-;-;-;-;-;-;-;-;-;-;-;-;-;-;-;-;-
163;x;-;-;-;OUTOC00;P3-24Z;-;-;-;-;-;-;-;-;-;-;-;-;-;-;-;-;-;-;-;FAN_IC_SPD;-;-;-;-;-;-;-;-;-;-;-;-;-;-;-;-;-;-;-;-;-;-;-;-;-;-;-;-;-;-;-;-;-;-;-;-
164;-;OUT_OC_00;OUT_OC01;-;-;uitgang open collector;-;-;-;-;-;-;-;-;-;-;-;-;-;-;-;-;-;-;FAN_LU;-;-;-;-;-;-;-;-;-;-;-;-;-;-;-;-;-;-;-;-;-;-;-;-;-;-;-;-;-;-;-;FAN_LU;-;-;-;-;-
165;x;-;-;-;OUTOC01;P3-26Z;-;-;-;-;-;-;-;-;-;-;-;-;-;-;-;-;-;-;-;FAN_LU_SPD;-;-;-;-;-;-;-;-;-;-;-;-;-;-;-;-;-;-;-;-;-;-;-;-;-;-;-;-;-;-;-;FAN_LU_SPD;-;-;-;-
166;-;-;-;-;-;-;-;-;-;-;-;-;-;-;-;-;-;-;-;-;-;-;-;-;-;-;-;-;-;-;-;-;-;-;-;-;-;-;-;-;-;-;-;-;-;-;-;-;-;-;-;-;-;-;-;-;-;-;-;-;-;-
167;-;-;Stepper motor;-;-;-;-;-;-;-;-;-;-;-;-;-;-;-;-;-;-;-;-;-;-;-;-;-;-;-;-;-;-;-;-;-;-;-;-;-;-;-;-;-;-;-;-;-;-;-;-;-;-;-;-;-;-;-;-;-;-;-
168;-;SSM_30522_00;SSM00;-;-;AMIS driver;FBRCT1;-;-;-;-;-;FBRCT1;-;-;-;-;-;FBRCT1;-;-;-;-;-;FBRCT1;-;-;-;-;-;FBRCT1;-;-;-;-;-;WCT_LHS;-;-;-;-;-;WCT_LHS;-;-;-;-;-;-;-;-;-;-;-;-;-;WCT_LHS;-;-;-;-;-
169;x;-;-;-;SSM00_CA+;P1-12F;-;FBRCTA+;-;-;-;-;-;FBRCTA+;-;-;-;-;-;FBRCTA+;-;-;-;-;-;FBRCTA+;-;-;-;-;-;FBRCTA+;-;-;-;-;-;WCT_LHSA+;-;-;-;-;-;WCT_LHSA+;-;-;-;-;-;-;-;-;-;-;-;-;-;WCT_LHSA+;-;-;-;-
170;x;-;-;-;SSM00_CA-;P1-12D;-;FBRCTA-;-;-;-;-;-;FBRCTA-;-;-;-;-;-;FBRCTA-;-;-;-;-;-;FBRCTA-;-;-;-;-;-;FBRCTA-;-;-;-;-;-;WCT_LHSA-;-;-;-;-;-;WCT_LHSA-;-;-;-;-;-;-;-;-;-;-;-;-;-;WCT_LHSA-;-;-;-;-
171;x;-;-;-;SSM00_CB+;P1-12B;-;FBRCTB+;-;-;-;-;-;FBRCTB+;-;-;-;-;-;FBRCTB+;-;-;-;-;-;FBRCTB+;-;-;-;-;-;FBRCTB+;-;-;-;-;-;WCT_LHSB+;-;-;-;-;-;WCT_LHSB+;-;-;-;-;-;-;-;-;-;-;-;-;-;WCT_LHSB+;-;-;-;-
172;x;-;-;-;SSM00_CB-;P1-12Z;-;FBRCTB-;-;-;-;-;-;FBRCTB-;-;-;-;-;-;FBRCTB-;-;-;-;-;-;FBRCTB-;-;-;-;-;-;FBRCTB-;-;-;-;-;-;WCT_LHSB-;-;-;-;-;-;WCT_LHSB-;-;-;-;-;-;-;-;-;-;-;-;-;-;WCT_LHSB-;-;-;-;-
173;-;SSM_30522_00;SSM01;-;-;AMIS driver;WCT_RHS;-;-;-;-;-;WCT_RHS;-;-;-;-;-;WCT_RHS;-;-;-;-;-;WCT_RHS;-;-;-;-;-;WCT_RHS;-;-;-;-;-;WCT_RHS;-;-;-;-;-;WCT_RHS;-;-;-;-;-;-;-;-;-;-;-;-;-;WCT_RHS;-;-;-;-;-
174;x;-;-;-;SSM01_CA+;P1-14F;-;WCT_RHSA+;-;-;-;-;-;WCT_RHSA+;-;-;-;-;-;WCT_RHSA+;-;-;-;-;-;WCT_RHSA+;-;-;-;-;-;WCT_RHSA+;-;-;-;-;-;WCT_RHSA+;-;-;-;-;-;WCT_RHSA+;-;-;-;-;-;-;-;-;-;-;-;-;-;WCT_RHSA+;-;-;-;-
175;x;-;-;-;SSM01_CA-;P1-14D;-;WCT_RHSA-;-;-;-;-;-;WCT_RHSA-;-;-;-;-;-;WCT_RHSA-;-;-;-;-;-;WCT_RHSA-;-;-;-;-;-;WCT_RHSA-;-;-;-;-;-;WCT_RHSA-;-;-;-;-;-;WCT_RHSA-;-;-;-;-;-;-;-;-;-;-;-;-;-;WCT_RHSA-;-;-;-;-
176;x;-;-;-;SSM01_CB+;P1-14B;-;WCT_RHSB+;-;-;-;-;-;WCT_RHSB+;-;-;-;-;-;WCT_RHSB+;-;-;-;-;-;WCT_RHSB+;-;-;-;-;-;WCT_RHSB+;-;-;-;-;-;WCT_RHSB+;-;-;-;-;-;WCT_RHSB+;-;-;-;-;-;-;-;-;-;-;-;-;-;WCT_RHSB+;-;-;-;-
177;x;-;-;-;SSM01_CB-;P1-14Z;-;WCT_RHSB-;-;-;-;-;-;WCT_RHSB-;-;-;-;-;-;WCT_RHSB-;-;-;-;-;-;WCT_RHSB-;-;-;-;-;-;WCT_RHSB-;-;-;-;-;-;WCT_RHSB-;-;-;-;-;-;WCT_RHSB-;-;-;-;-;-;-;-;-;-;-;-;-;-;WCT_RHSB-;-;-;-;-
178;-;-;-;-;-;-;-;-;-;-;-;-;-;-;-;-;-;-;-;-;-;-;-;-;-;-;-;-;-;-;-;-;-;-;-;-;-;-;-;-;-;-;-;-;-;-;-;-;-;-;-;-;-;-;-;-;-;-;-;-;-;-
179;-;-;Analog in/out;-;-;-;-;-;-;-;-;-;-;-;-;-;-;-;-;-;-;-;-;-;-;-;-;-;-;-;-;-;-;-;-;-;-;-;-;-;-;-;-;-;-;-;-;-;-;-;-;-;-;-;-;-;-;-;-;-;-;-
180;-;AIO_SG_00;AIO00;-;-;4…20 mA ingang + 0..10V uitgang met V en M;AIRPRESS_SUP;-;-;-;-;-;AIRPRESS_SUP;-;-;-;-;-;AIRPRESS_SUP;-;-;-;PHMS_SPEED;-;AIRPRESS_SUP;-;-;-;-;-;AIRPRESS_SUP;-;-;-;PHMS_SPEED;-;-;-;-;-;-;-;-;-;-;-;PHMS_SPEED;-;-;-;AIRPRESS_SUP;-;HS_CU_TX;-;-;-;-;-;-;-;-;-
181;x;-;-;RT03;AIO00_26V;P1-22F;-;AIRPRESS_SUP_26V;-;-;-;-;-;AIRPRESS_SUP_26V;-;-;-;-;-;AIRPRESS_SUP_26V;-;-;-;nc;-;AIRPRESS_SUP_26V;-;-;-;-;-;AIRPRESS_SUP_26V;-;-;-;nc;-;-;-;-;-;-;-;-;-;-;-;nc;-;-;-;AIRPRESS_SUP_26V;-;HS_CU_TX_26V;-;-;-;-;-;-;-;-
182;x;-;-;-;AIO00_IN;P1-22D;-;AIRPRESS_SUP;-;-;-;-;-;AIRPRESS_SUP;-;-;-;-;-;AIRPRESS_SUP;-;-;-;PHMS_POS;-;AIRPRESS_SUP;-;-;-;-;-;AIRPRESS_SUP;-;-;-;PHMS_POS;-;-;-;-;-;-;-;-;-;-;-;PHMS_POS;-;-;-;AIRPRESS_SUP;-;-;-;-;-;-;-;-;-;-
183;x;-;-;-;AIO00_OUT;P1-22B;-;-;-;-;-;-;-;-;-;-;-;-;-;-;-;-;-;PHMS_SPEED;-;-;-;-;-;-;-;-;-;-;-;PHMS_SPEED;-;-;-;-;-;-;-;-;-;-;-;PHMS_SPEED;-;-;-;-;-;-;-;-;-;-;-;-;-;-
184;x;-;-;-;AIO00_GND;P1-22Z;-;-;-;-;-;-;-;-;-;-;-;-;-;GDWDRHS_GND;-;-;-;PILEWDRHS_GND;-;-;-;-;-;-;-;GDWDRHS_GND;-;-;-;PILEWDRHS_GND;-;-;-;-;-;-;-;-;-;-;-;PILEWDRHS_GND;-;-;-;-;-;HS_CU_TX_GND;-;-;-;-;-;-;-;-
185;-;AIO_SG_00;AIO01;-;-;4…20 mA ingang + 0..10V uitgang met V en M;AIRCON;-;-;-;-;-;AIRCON;-;-;-;-;-;AIRCON;-;-;-;PHMS_HEIGHT;-;AIRCON;-;-;-;-;-;AIRCON;-;-;-;PHMS_HEIGHT;-;-;-;-;-;-;-;-;-;-;-;PHMS_HEIGHT;-;-;-;AIRCON;-;HS_CU_RX;-;-;-;-;-;-;-;-;-
186;x;-;-;RT03;AIO01_26V;P1-24F;-;AIRCON_26V;-;-;-;-;-;AIRCON_26V;-;-;-;-;-;AIRCON_26V;-;-;-;nc;-;AIRCON_26V;-;-;-;-;-;AIRCON_26V;-;-;-;nc;-;-;-;-;-;-;-;-;-;-;-;nc;-;-;-;AIRCON_26V;-;HS_CU_RX_26V;-;-;-;-;-;-;-;-
187;x;-;-;-;AIO01_IN;P1-24D;-;AIRCON;-;-;-;-;-;AIRCON;-;-;-;-;-;AIRCON;-;-;-;nc;-;AIRCON;-;-;-;-;-;AIRCON;-;-;-;nc;-;-;-;-;-;-;-;-;-;-;-;nc;-;-;-;AIRCON;-;-;-;-;-;-;-;-;-;-
188;x;-;-;-;AIO01_OUT;P1-24B;-;-;-;-;-;-;-;-;-;-;-;-;-;-;-;-;-;PHMS_HEIGHT;-;-;-;-;-;-;-;-;-;-;-;PHMS_HEIGHT;-;-;-;-;-;-;-;-;-;-;-;PHMS_HEIGHT;-;-;-;-;-;-;-;-;-;-;-;-;-;-
189;x;-;-;-;AIO01_GND;P1-24Z;-;AIRCON_GND;-;-;-;-;-;AIRCON_GND;-;-;-;-;-;AIRCON_GND;-;-;-;PHMS_AOUT_GND;-;AIRCON_GND;-;-;-;-;-;AIRCON_GND;-;-;-;PHMS_AOUT_GND;-;-;-;-;-;-;-;-;-;-;-;PHMS_AOUT_GND;-;-;-;AIRCON_GND;-;HS_CU_RX_GND;-;-;-;-;-;-;-;-
190;-;AIO_SG_00;AIO02;-;-;4…20 mA ingang + 0..10V uitgang met V en M;DWC_PRESS;-;DWCFA_PRESS;-;-;-;DWC_PRESS;-;DWCFA_PRESS;-;-;-;DWC_PRESS;-;DWCFA_PRESS;-;-;-;DWC_PRESS;-;DWCFA_PRESS;-;-;-;DWC_PRESS;-;PPB_LHS_PRESS;-;PPB_RHS_PRESS;-;DWC_PRESS;-;DWCFA_PRESS;-;-;-;DWC_PRESS;-;DWCFA_PRESS /PPB_LHS_PRESS;-;PPB_RHS_PRESS;-;DWC_PRESS;-;-;-;-;-;-;-;-;-;-;-;-;-
191;x;-;-;RT03;AIO02_26V;P1-26F;-;DWC_PRESS_26V;-;DWCFA_PRESS_26V;-;-;-;DWC_PRESS_26V;-;DWCFA_PRESS_26V;-;-;-;DWC_PRESS_26V;-;DWCFA_PRESS_26V;-;-;-;DWC_PRESS_26V;-;DWCFA_PRESS_26V;-;-;-;DWC_PRESS_26V;-;PPB_LHS_PRESS_26V;-;PPB_RHS_PRESS_26V;-;DWC_PRESS_26V;-;DWCFA_PRESS_26V;-;-;-;DWC_PRESS_26V;-;DWCFA_PRESS_26V / PPB_LHS_PRESS_26V;-;PPB_RHS_PRESS_26V;-;DWC_PRESS_26V;-;-;-;-;-;-;-;-;-;-;-;-
192;x;-;-;-;AIO02_IN;P1-26D;-;DWC_PRESS;-;DWCFA_PRESS;-;-;-;DWC_PRESS;-;DWCFA_PRESS;-;-;-;DWC_PRESS;-;DWCFA_PRESS;-;-;-;DWC_PRESS;-;DWCFA_PRESS;-;-;-;DWC_PRESS;-;PPB_LHS_PRESS;-;PPB_RHS_PRESS;-;DWC_PRESS;-;DWCFA_PRESS;-;-;-;DWC_PRESS;-;DWCFA_PRESS / PPB_LHS_PRESS;-;PPB_RHS_PRESS;-;DWC_PRESS;-;-;-;-;-;-;-;-;-;-;-;-
193;x;-;-;-;AIO02_OUT;P1-26B;-;-;-;-;-;-;-;-;-;-;-;-;-;-;-;-;-;-;-;-;-;-;-;-;-;-;-;-;-;-;-;-;-;-;-;-;-;-;-;-;-;-;-;-;-;-;-;-;-;-;-;-;-;-;-;-
194;x;-;-;-;AIO02_GND;P1-26Z;-;-;-;-;-;DTTHTM_GND;-;-;-;-;-;-;-;-;-;-;-;DTTHTM_GND;-;-;-;-;-;DTTHTM_GND;-;-;-;-;-;DTTHTM_GND;-;-;-;-;-;DTTHTM_GND;-;-;-;-;-;DTTHTM_GND;-;-;-;-;-;-;-;-;-;-;-;-;-;-
195;-;AIO_SG_00;AIO03;-;-;4…20 mA ingang + 0..10V uitgang met V en M;AIO_DGNS;-;-;-;DTTHMM (enkel als test);-;AIO_DGNS;-;-;-;-;-;AIO_DGNS;-;-;-;DTTHMM (enkel als test);-;AIO_DGNS;-;-;-;DTTHMM (enkel als test);-;AIO_DGNS;-;-;-;DTTHMM (enkel als test);-;AIO_DGNS;-;-;-;DTTHMM (enkel als test);-;AIO_DGNS;-;-;-;DTTHMM (enkel als test);-;-;-;AIO_DGNS;-;-;-;-;-;AIO_DGNS;-;-;-;-;-
196;x;-;-;RT03;AIO03_26V;P1-28F;-;AIO_DGNS_26V;-;-;-;DTTHTM_26V;-;AIO_DGNS_26V;-;-;-;-;-;AIO_DGNS_26V;-;-;-;DTTHTM_26V;-;AIO_DGNS_26V;-;-;-;DTTHTM_26V;-;AIO_DGNS_26V;-;-;-;DTTHTM_26V;-;AIO_DGNS_26V;-;-;-;DTTHTM_26V;-;AIO_DGNS_26V;-;-;-;DTTHTM_26V;-;-;-;AIO_DGNS_26V;-;-;-;-;-;AIO_DGNS_26V;-;-;-;-
197;x;-;-;-;AIO03_IN;P1-28D;-;AIO_DGNS_IN;-;-;-;DTTHTM_IN;-;AIO_DGNS_IN;-;-;-;-;-;AIO_DGNS_IN;-;-;-;DTTHTM_IN;-;AIO_DGNS_IN;-;-;-;DTTHTM_IN;-;AIO_DGNS_IN;-;-;-;DTTHTM_IN;-;AIO_DGNS_IN;-;-;-;DTTHTM_IN;-;AIO_DGNS_IN;-;-;-;DTTHTM_IN;-;-;-;AIO_DGNS_IN;-;-;-;-;-;AIO_DGNS_IN;-;-;-;-
198;x;-;-;-;AIO03_OUT;P1-28B;-;AIO_DGNS_OUT;-;-;-;-;-;AIO_DGNS_OUT;-;-;-;-;-;AIO_DGNS_OUT;-;-;-;-;-;AIO_DGNS_OUT;-;-;-;-;-;AIO_DGNS_OUT;-;-;-;-;-;AIO_DGNS_OUT;-;-;-;-;-;AIO_DGNS_OUT;-;-;-;-;-;-;-;AIO_DGNS_OUT;-;-;-;-;-;AIO_DGNS_OUT;-;-;-;-
199;x;-;-;-;AIO03_GND;P1-28Z;-;AIO_DGNS_GND;-;-;-;DTTHTM_GND;-;AIO_DGNS_GND;-;-;-;-;-;AIO_DGNS_GND;-;-;-;DTTHTM_GND;-;AIO_DGNS_GND;-;-;-;DTTHTM_GND;-;AIO_DGNS_GND;-;-;-;DTTHTM_GND;-;AIO_DGNS_GND;-;-;-;DTTHTM_GND;-;AIO_DGNS_GND;-;-;-;DTTHTM_GND;-;-;-;AIO_DGNS_GND;-;-;-;-;-;AIO_DGNS_GND;-;-;-;-
200;-;-;-;-;-;-;-;-;-;-;-;-;-;-;-;-;-;-;-;-;-;-;-;-;-;-;-;-;-;-;-;-;-;-;-;-;-;-;-;-;-;-;-;-;-;-;-;-;-;-;-;-;-;-;-;-;-;-;-;-;-;-
201;-;DTWT_SG_00;DTWT00;-;-;-4…20 mA ingang + dig uitgang met V en M;DTWT1;-;DTWT_FA;-;-;-;DTWT1;-;DTWT_FA;-;-;-;DTWT1;-;DTWT_FA;-;-;-;DTWT1;-;DTWT_FA;-;-;-;DTWT1;-;-;-;-;-;DTWT1;-;DTWT_FA;-;-;-;DTWT1;-;-;-;-;-;-;-;DTWT;-;DTWT_FBR;-;-;-;DTWT1;-;-;-;-;-
202;x;-;-;RT04;DTWT00_26V;P1-30F;-;DTWT1_26V;-;DTWT_FA_26V;-;-;-;DTWT1_26V;-;DTWT_FA_26V;-;-;-;DTWT1_26V;-;DTWT_FA_26V;-;-;-;DTWT1_26V;-;DTWT_FA_26V;-;-;-;DTWT1_26V;-;-;-;-;-;DTWT1_26V;-;DTWT_FA_26V;-;-;-;DTWT1_26V;-;-;-;-;-;-;-;DTWT1_26V;-;DTWT_FBR_26V;-;-;-;DTWT1_26V;-;-;-;-
203;x;-;-;-;DTWT00_OUT;P1-30D;-;DTWT1_ID;-;DTWT_FA_ID;-;-;-;DTWT1_ID;-;DTWT_FA_ID;-;-;-;DTWT1_ID;-;DTWT_FA_ID;-;-;-;DTWT1_ID;-;DTWT_FA_ID;-;-;-;DTWT1_ID;-;-;-;-;-;DTWT1_ID;-;DTWT_FA_ID;-;-;-;DTWT1_ID;-;-;-;-;-;-;-;DTWT1_ID;-;DTWT_FBR_ID;-;-;-;DTWT1_ID;-;-;-;-
204;x;-;-;-;DTWT00_IN;P1-32D;-;DTWT1;-;DTWT_FA;-;-;-;DTWT1;-;DTWT_FA;-;-;-;DTWT1;-;DTWT_FA;-;-;-;DTWT1;-;DTWT_FA;-;-;-;DTWT1;-;-;-;-;-;DTWT1;-;DTWT_FA;-;-;-;DTWT1;-;-;-;-;-;-;-;DTWT1;-;DTWT_FBR;-;-;-;DTWT1;-;-;-;-
205;x;-;-;-;DTWT00_GND;P1-32F;-;DTWT1_GND;-;DTWT_FA_GND;-;-;-;DTWT1_GND;-;DTWT_FA_GND;-;-;-;DTWT1_GND;-;DTWT_FA_GND;-;-;-;DTWT1_GND;-;DTWT_FA_GND;-;-;-;DTWT1_GND;-;-;-;-;-;DTWT1_GND;-;DTWT_FA_GND;-;-;-;DTWT1_GND;-;-;-;-;-;-;-;DTWT1_GND;-;DTWT_FBR_GND;-;-;-;DTWT1_GND;-;-;-;-
206;-;DTWT_SG_00;DTWT01;-;-;-4…20 mA ingang + dig uitgang met V en M;DTWT2;-;-;-;-;-;DTWT2;-;-;-;-;-;DTWT2;-;-;-;-;-;DTWT2;-;-;-;-;-;DTWT2;-;PPB_POS;-;-;-;DTWT2;-;-;-;-;-;DTWT2;-;PPB_POS;-;-;-;-;-;DTWT_ELV;-;-;-;-;-;DTWT_FA;-;-;-;-;-
207;x;-;-;RT04;DTWT01_26V;P1-30Z;-;DTWT2_26V;-;-;-;-;-;DTWT2_26V;-;-;-;-;-;DTWT2_26V;-;-;-;-;-;DTWT2_26V;-;-;-;-;-;DTWT2_26V;-;PBB_POS_26V;-;-;-;DTWT2_26V;-;-;-;-;-;DTWT2_26V;-;PBB_POS_26V;-;-;-;-;-;DTWT_ELV_26V;-;-;-;-;-;DTWT_FA_26V;-;-;-;-
208;x;-;-;-;DTWT01_OUT;P1-30B;-;DTWT2_ID;-;-;-;-;-;DTWT2_ID;-;-;-;-;-;DTWT2_ID;-;-;-;-;-;DTWT2_ID;-;-;-;-;-;DTWT2_ID;-;-;-;-;-;DTWT2_ID;-;-;-;-;-;DTWT2_ID;-;-;-;-;-;-;-;DTWT_ELV_ID;-;-;-;-;-;DTWT_FA_ID;-;-;-;-
209;x;-;-;-;DTWT01_IN;P1-32B;-;DTWT2;-;-;-;-;-;DTWT2;-;-;-;-;-;DTWT2;-;-;-;-;-;DTWT2;-;-;-;-;-;DTWT2;-;PBB_POS;-;-;-;DTWT2;-;-;-;-;-;DTWT2;-;PBB_POS;-;-;-;-;-;DTWT_ELV;-;-;-;-;-;DTWT_FA;-;-;-;-
210;x;-;-;-;DTWT01_GND;P1-32Z;-;DTWT2_GND;-;-;-;-;-;DTWT2_GND;-;-;-;-;-;DTWT2_GND;-;-;-;-;-;DTWT2_GND;-;-;-;-;-;DTWT2_GND;-;PBB_POS_GND;-;-;-;DTWT2_GND;-;-;-;-;-;DTWT2_GND;-;PBB_POS_GND;-;-;-;-;-;DTWT_ELV_GND;-;-;-;-;-;DTWT_FA_GND;-;-;-;-
211;-;-;-;-;-;-;-;-;-;-;-;-;-;-;-;-;-;-;-;-;-;-;-;-;-;-;-;-;-;-;-;-;-;-;-;-;-;-;-;-;-;-;-;-;-;-;-;-;-;-;-;-;-;-;-;-;-;-;-;-;-;-
212;-;-;-;-;-;-;-;-;-;-;-;-;-;-;-;-;-;-;-;-;-;-;-;-;-;-;-;-;-;-;-;-;-;-;-;-;-;-;-;-;-;-;-;-;-;-;-;-;-;-;-;-;-;-;-;-;-;-;-;-;-;-
213;-;-;-;-;-;-;-;-;-;-;-;-;-;-;-;-;-;-;-;-;-;-;-;-;-;-;-;-;-;-;-;-;-;-;-;-;-;-;-;-;-;-;-;-;-;-;-;-;-;-;-;-;-;-;-;-;-;-;-;-;-;-
214;-;-;-;-;-;-;-;-;-;-;-;-;-;-;-;-;-;-;-;-;-;-;-;-;-;-;-;-;-;-;-;-;-;-;-;-;-;-;-;-;-;-;-;-;-;-;-;-;-;-;-;-;-;-;-;-;-;-;-;-;-;-
215;-;-;-;-;-;-;-;-;-;-;-;-;-;-;-;-;-;-;-;-;-;-;-;-;-;-;-;-;-;-;-;-;-;-;-;-;-;-;-;-;-;-;-;-;-;-;-;-;-;-;-;specific TIS function;-;-;-;-;-;Gtmax difference against Optimax-i;-;-;-;-
