ID;CBSIM;CBSIM CIRCUIT;CONNECTOR;POINT;SIGNAL;BOARD;CONNECTION_ID
1000;CBSIM : 0;VALVE_IN_00;P1;2F;None;None;0
1001;CBSIM : 0;VALVE_OUT_00;P1;2D;NONE;NONE;0
1002;CBSIM : 0;VALVE_IN_01;P1;2B;NONE;NONE;0
1003;CBSIM : 0;VALVE_OUT_01;P1;2Z;NONE;NONE;0
1004;CBSIM : 0;VALVE_IN_02;P1;4F;NONE;NONE;0
1005;CBSIM : 0;VALVE_OUT_02;P1;4D;NONE;NONE;0
1006;CBSIM : 0;VALVE_IN_03;P1;4B;NONE;NONE;0
1007;CBSIM : 0;VALVE_OUT_03;P1;4Z;NONE;NONE;0
1008;CBSIM : 0;VALVE_IN_04;P1;6F;NONE;NONE;0
1009;CBSIM : 0;VALVE_OUT_04;P1;6D;NONE;NONE;0
1010;CBSIM : 0;VALVE_IN_05;P1;6B;NONE;NONE;0
1011;CBSIM : 0;VALVE_OUT_05;P1;6Z;NONE;NONE;0
1012;CBSIM : 0;VALVE_IN_06;P1;8F;NONE;NONE;0
1013;CBSIM : 0;VALVE_OUT_06;P1;8D;NONE;NONE;0
1014;CBSIM : 0;VALVE_IN_07;P1;8B;NONE;NONE;0
1015;CBSIM : 0;VALVE_OUT_07;P1;8Z;NONE;NONE;0
1016;CBSIM : 0;OC_OUT_00;P1;10F;NONE;NONE;0
1017;CBSIM : 0;OC_OUT_01;P1;10D;NONE;NONE;0
1018;CBSIM : 0;5V_OUT;P1;10B;NONE;NONE;0
1019;CBSIM : 0;OUT_26V_00;P1;10Z;SUP_5V_ON;NONE;2000
1020;CBSIM : 0;OUT_26V_01;P1;12F;SUP_26V_ON;NONE;2000
1021;CBSIM : 0;OUT_26V_02;P1;12D;SUP_48VAC_ON;NONE;2000
1022;CBSIM : 0;OUT_26V_03;P1;12B;NONE;NONE;0
1023;CBSIM : 0;OUT_26V_04;P1;12Z;NONE;NONE;0
1024;CBSIM : 0;OUT_26V_05;P1;14F;NONE;NONE;0
1025;CBSIM : 0;OUT_26V_06;P1;14D;NONE;NONE;0
1026;CBSIM : 0;OUT_26V_07;P1;14B;NONE;NONE;0
1027;CBSIM : 0;OUT_26V_08;P1;14Z;NONE;NONE;0
1028;CBSIM : 0;CURRENT_SRC1;P1;16F;NONE;NONE;0
1029;CBSIM : 0;GND_CB;P1;16D;NONE;NONE;0
1030;CBSIM : 0;GND_CB;P1;16B;NONE;NONE;0
1031;CBSIM : 0;GND_CB;P1;16Z;NONE;NONE;0
1032;CBSIM : 0;26V_CS_IN_00;P1;18F;NONE;NONE;0
1033;CBSIM : 0;26V_CS_IN_01;P1;18D;NONE;NONE;0
1034;CBSIM : 0;26V_CS_IN_02;P1;18B;NONE;NONE;0
1035;CBSIM : 0;26V_CS_IN_03;P1;18Z;NONE;NONE;0
1036;CBSIM : 0;26V_CS_IN_04;P1;20F;NONE;NONE;0
1037;CBSIM : 0;CURRENT_SRC0;P1;20D;NONE;NONE;0
1038;CBSIM : 0;VALVE_IN_22;P1;20B;NONE;NONE;0
1039;CBSIM : 0;VALVE_OUT_22;P1;20Z;NONE;NONE;0
1040;CBSIM : 0;VALVE_OUT_08;P1;22F;NONE;NONE;0
1041;CBSIM : 0;VALVE_IN_08;P1;22D;NONE;NONE;0
1042;CBSIM : 0;VALVE_OUT_09;P1;22B;NONE;NONE;0
1043;CBSIM : 0;VALVE_IN_09;P1;22Z;NONE;NONE;0
1044;CBSIM : 0;VALVE_OUT_10;P1;24F;NONE;NONE;0
1045;CBSIM : 0;VALVE_IN_10;P1;24D;NONE;NONE;0
1046;CBSIM : 0;VALVE_COIL-_00;P1;24B;NONE;NONE;0
1047;CBSIM : 0;VALVE_COIL+_00;P1;24Z;NONE;NONE;0
1048;CBSIM : 0;VALVE_BREAK_IN_00;P1;26F;NONE;NONE;0
1049;CBSIM : 0;VALVE_BREAK_OUT_00;P1;26D;NONE;NONE;0
1050;CBSIM : 0;GND_CB;P1;26B;NONE;NONE;0
1051;CBSIM : 0;GND_CB;P1;26Z;NONE;NONE;0
1052;CBSIM : 0;RELAIS_OUT_08;P1;28F;NONE;NONE;0
1053;CBSIM : 0;5V_CB;P1;28D;NONE;NONE;0
1054;CBSIM : 0;5V_CB;P1;28B;NONE;NONE;0
1055;CBSIM : 0;RELAIS_IN_08;P1;28Z;NONE;NONE;0
1056;CBSIM : 0;PX_IN_02;P1;30F;NONE;NONE;0
1057;CBSIM : 0;PX_OUT_02;P1;30D;NONE;NONE;0
1058;CBSIM : 0;GND_CB;P1;30B;NONE;NONE;0
1059;CBSIM : 0;GND_CB;P1;30Z;NONE;NONE;0
1060;CBSIM : 0;GND_CB;P1;32F;NONE;NONE;0
1061;CBSIM : 0;GND_CB;P1;32D;NONE;NONE;0
1062;CBSIM : 0;26V_CB;P1;32B;NONE;NONE;0
1063;CBSIM : 0;26V_CB;P1;32Z;NONE;NONE;0
1064;CBSIM : 0;12VP_CB;P3;2F;NONE;NONE;0
1065;CBSIM : 0;12VP_CB;P3;2D;NONE;NONE;0
1066;CBSIM : 0;12VN_CB;P3;2B;NONE;NONE;0
1067;CBSIM : 0;12VN_CB;P3;2Z;NONE;NONE;0
1068;CBSIM : 0;26V_INP_00;P3;4F;NONE;NONE;0
1069;CBSIM : 0;26V_INP_01;P3;4D;NONE;NONE;0
1070;CBSIM : 0;26V_INP_02;P3;4B;NONE;NONE;0
1071;CBSIM : 0;26V_INP_03;P3;4Z;NONE;NONE;0
1072;CBSIM : 0;26V_INP_04;P3;6F;NONE;NONE;0
1073;CBSIM : 0;26V_INP_05;P3;6D;NONE;NONE;0
1074;CBSIM : 0;26V_INP_06;P3;6B;NONE;NONE;0
1075;CBSIM : 0;26V_INP_07;P3;6Z;NONE;NONE;0
1076;CBSIM : 0;PX_IN_00;P3;8F;PX_REF_8V;CBMP;5003
1077;CBSIM : 0;PX_OUT_00;P3;8D;PX_REF;CBMP;0
1078;CBSIM : 0;PX_IN_01;P3;8B;PX_WP_8V;CBMP;0
1079;CBSIM : 0;PX_OUT_01;P3;8Z;PX_WP;CBMP;0
1080;CBSIM : 0;VALVE_COIL-_01;P3;10F;NONE;NONE;0
1081;CBSIM : 0;VALVE_COIL+_01;P3;10D;NONE;NONE;0
1082;CBSIM : 0;VALVE_IN_11;P3;10B;Test_11_in;TB;1000
1083;CBSIM : 0;VALVE_OUT_11;P3;10Z;Test_11_out;TB;1036
1084;CBSIM : 0;VALVE_IN_12;P3;12F;NONE;NONE;0
1085;CBSIM : 0;VALVE_OUT_12;P3;12D;NONE;NONE;0
1086;CBSIM : 0;VALVE_IN_13;P3;12B;NONE;NONE;0
1087;CBSIM : 0;VALVE_OUT_13;P3;12Z;NONE;NONE;0
1088;CBSIM : 0;VALVE_IN_14;P3;14F;NONE;NONE;0
1089;CBSIM : 0;VALVE_OUT_15;P3;14D;NONE;NONE;0
1090;CBSIM : 0;VALVE_IN_15;P3;14B;NONE;NONE;0
1091;CBSIM : 0;VALVE_OUT_14;P3;14Z;NONE;NONE;0
1092;CBSIM : 0;RELAIS_IN_00;P3;16F;ES_EXT_11_26V (SFTY_26V);CBMP;6000
1093;CBSIM : 0;RELAIS_OUT_00;P3;16D;ES_EXT_12;CBMP;6000
1094;CBSIM : 0;RELAIS_IN_01;P3;16B;WL_1_BREAK_IN;CBMP;6000
1095;CBSIM : 0;RELAIS_OUT_01;P3;16Z;WL_1_BREAK_OUT;CBMP;6000
1096;CBSIM : 0;48VAC+;P3;18F;NONE;NONE;0
1097;CBSIM : 0;GND_CB;P3;18D;NONE;NONE;0
1098;CBSIM : 0;GND_CB;P3;18B;NONE;NONE;0
1099;CBSIM : 0;GND_CB;P3;18Z;NONE;NONE;0
1100;CBSIM : 0;GND_CB;P3;20F;NONE;NONE;0
1101;CBSIM : 0;VALVE_BREAK_IN_01;P3;20D;NONE;NONE;0
1102;CBSIM : 0;VALVE_BREAK_OUT_01;P3;20B;NONE;NONE;0
1103;CBSIM : 0;GND_CB;P3;20Z;NONE;NONE;0
1104;CBSIM : 0;RELAIS_IN_02;P3;22F;WL_1_SC_IN;CBMP;6000
1105;CBSIM : 0;RELAIS_OUT_02;P3;22D;WL_1_SC_OUT;CBMP;6000
1106;CBSIM : 0;RELAIS_IN_03;P3;22B;WL_2_BREAK_IN;CBMP;6000
1107;CBSIM : 0;RELAIS_OUT_03;P3;22Z;WL_2_BREAK_OUT;CBMP;6000
1108;CBSIM : 0;RELAIS_IN_05;P3;24F;ES3_11;CBMP;6000
1109;CBSIM : 0;RELAIS_OUT_05;P3;24D;ES3_12;CBMP;6000
1110;CBSIM : 0;RELAIS_IN_04;P3;24B;WL_2_SC_IN;CBMP;6000
1111;CBSIM : 0;RELAIS_OUT_04;P3;24Z;WL_2_SC_OUT;CBMP;6000
1112;CBSIM : 0;VALVE_IN_16;P3;26F;NONE;NONE;0
1113;CBSIM : 0;VALVE_OUT_16;P3;26D;NONE;NONE;0
1114;CBSIM : 0;VALVE_IN_17;P3;26B;NONE;NONE;0
1115;CBSIM : 0;VALVE_OUT_17;P3;26Z;NONE;NONE;0
1116;CBSIM : 0;VALVE_IN_18;P3;28F;NONE;NONE;0
1117;CBSIM : 0;VALVE_OUT_18;P3;28D;NONE;NONE;0
1118;CBSIM : 0;VALVE_IN_19;P3;28B;NONE;NONE;0
1119;CBSIM : 0;VALVE_OUT_19;P3;28Z;NONE;NONE;0
1120;CBSIM : 0;RELAIS_IN_07;P3;30F;PBPWRON_SUP;CBMP;6000
1121;CBSIM : 0;RELAIS_OUT_07;P3;30D;PBPWRON;CBMP;6000
1122;CBSIM : 0;RELAIS_IN_06;P3;30B;ES3_21;CBMP;6000
1123;CBSIM : 0;RELAIS_OUT_06;P3;30Z;ES3_22;CBMP;6000
1124;CBSIM : 0;VALVE_IN_20;P3;32F;NONE;NONE;0
1125;CBSIM : 0;VALVE_OUT_20;P3;32D;NONE;NONE;0
1126;CBSIM : 0;VALVE_IN_21;P3;32B;NONE;NONE;0
1127;CBSIM : 0;VALVE_OUT_21;P3;32Z;NONE;NONE;0
1128;CBSIM : 0;DIRECT_OUT_00;P18;1;CBSD_RT01_SHORT;SIM_BOARD;3000
1129;CBSIM : 0;DIRECT_OUT_01;P18;2;CBSD_RT02_SHORT;SIM_BOARD;3000
1130;CBSIM : 0;DIRECT_OUT_02;P18;3;CBSD_RT03_SHORT;SIM_BOARD;3000
1131;CBSIM : 0;DIRECT_OUT_03;P18;4;CBSD_RT04_SHORT;SIM_BOARD;3000
1132;CBSIM : 0;DIRECT_OUT_04;P18;5;CBSD_RT05_SHORT;SIM_BOARD;3000
1133;CBSIM : 0;DIRECT_OUT_05;P18;6;CBSD_RT06_SHORT;SIM_BOARD;3000
1134;CBSIM : 0;DIRECT_OUT_06;P18;7;CBSD_RT07_SHORT;SIM_BOARD;3000
1135;CBSIM : 0;DIRECT_OUT_07;P18;8;CBSD_PX00_8V_SHORT;SIM_BOARD;3000
1136;CBSIM : 0;DIRECT_OUT_08;P18;9;CBSD_DTTH00_SHORT;SIM_BOARD;3000
1137;CBSIM : 0;DIRECT_OUT_09;P18;10;CBSD_DTTH01_SHORT;SIM_BOARD;3000
1138;CBSIM : 0;DIRECT_OUT_10;P18;11;RBSD_RT01_SHORT;SIM_BOARD;3000
1139;CBSIM : 0;DIRECT_OUT_11;P18;12;RBSD_RT02_SHORT;SIM_BOARD;3000
1140;CBSIM : 0;DIRECT_OUT_12;P18;13;RBSD_RT03_SHORT;SIM_BOARD;3000
1141;CBSIM : 0;DIRECT_OUT_13;P18;14;RBSD_28V5OV_SHORT;SIM_BOARD;3000
1142;CBSIM : 0;DIRECT_OUT_14;P18;15;NONE;NONE;0
1143;CBSIM : 0;DIRECT_OUT_15;P18;16;NONE;NONE;0
1144;CBSIM : 0;NC;P18;17;NONE;NONE;0
1145;CBSIM : 0;GND_EMU;P18;18;NONE;NONE;0
1146;CBSIM : 0;GND_EMU;P18;19;NONE;NONE;0
1147;CBSIM : 0;DIRECT_IN_00;P18;20;NONE;NONE;0
1148;CBSIM : 0;DIRECT_IN_01;P18;21;NONE;NONE;0
1149;CBSIM : 0;DIRECT_IN_02;P18;22;NONE;NONE;0
1150;CBSIM : 0;DIRECT_IN_03;P18;23;NONE;NONE;0
1151;CBSIM : 0;DIRECT_IN_04;P18;24;NONE;NONE;0
1152;CBSIM : 0;DIRECT_IN_05;P18;25;NONE;NONE;0
1153;CBSIM : 0;DIRECT_IN_06;P18;26;NONE;NONE;0
1154;CBSIM : 0;DIRECT_IN_07;P18;27;NONE;NONE;0
1155;CBSIM : 0;DIRECT_IN_08;P18;28;NONE;NONE;0
1156;CBSIM : 0;DIRECT_IN_09;P18;29;NONE;NONE;0
1157;CBSIM : 0;DIRECT_IN_10;P18;30;NONE;NONE;0
1158;CBSIM : 0;DIRECT_IN_11;P18;31;NONE;NONE;0
1159;CBSIM : 0;DIRECT_IN_12;P18;32;NONE;NONE;0
1160;CBSIM : 0;DIRECT_IN_13;P18;33;NONE;NONE;0
1161;CBSIM : 0;DIRECT_IN_14;P18;34;NONE;NONE;0
1162;CBSIM : 0;DIRECT_IN_15;P18;35;NONE;NONE;0
1163;CBSIM : 0;5V_EMU;P18;36;NONE;NONE;0
1164;CBSIM : 0;5V_EMU;P18;37;NONE;NONE;0
1165;CBSIM : 0;12VP_EMU;P19;1;NONE;NONE;0
1166;CBSIM : 0;ANA_EMU0;P19;2;NONE;NONE;0
1167;CBSIM : 0;ANA_EMU1;P19;3;NONE;NONE;0
1168;CBSIM : 0;12VN_EMU;P19;4;NONE;NONE;0
1169;CBSIM : 0;GND_EMU;P19;5;NONE;NONE;0
1170;CBSIM : 0;ANA_EMU0;P19;6;NONE;NONE;0
1171;CBSIM : 0;ANA_EMU1;P19;7;NONE;NONE;0
1172;CBSIM : 0;NC;P19;8;NONE;NONE;0
1173;CBSIM : 0;GND_EMU;P19;9;NONE;NONE;0
1174;CBSIM : 1;VALVE_IN_00;P1;2F;NONE;NONE;0
1175;CBSIM : 1;VALVE_OUT_00;P1;2D;NONE;NONE;0
1176;CBSIM : 1;VALVE_IN_01;P1;2B;NONE;NONE;0
1177;CBSIM : 1;VALVE_OUT_01;P1;2Z;NONE;NONE;0
1178;CBSIM : 1;VALVE_IN_02;P1;4F;NONE;NONE;0
1179;CBSIM : 1;VALVE_OUT_02;P1;4D;NONE;NONE;0
1180;CBSIM : 1;VALVE_IN_03;P1;4B;NONE;NONE;0
1181;CBSIM : 1;VALVE_OUT_03;P1;4Z;NONE;NONE;0
1182;CBSIM : 1;VALVE_IN_04;P1;6F;NONE;NONE;0
1183;CBSIM : 1;VALVE_OUT_04;P1;6D;NONE;NONE;0
1184;CBSIM : 1;VALVE_IN_05;P1;6B;NONE;NONE;0
1185;CBSIM : 1;VALVE_OUT_05;P1;6Z;NONE;NONE;0
1186;CBSIM : 1;VALVE_IN_06;P1;8F;NONE;NONE;0
1187;CBSIM : 1;VALVE_OUT_06;P1;8D;NONE;NONE;0
1188;CBSIM : 1;VALVE_IN_07;P1;8B;NONE;NONE;0
1189;CBSIM : 1;VALVE_OUT_07;P1;8Z;NONE;NONE;0
1190;CBSIM : 1;OC_OUT_00;P1;10F;NONE;NONE;0
1191;CBSIM : 1;OC_OUT_01;P1;10D;NONE;NONE;0
1192;CBSIM : 1;5V_OUT;P1;10B;NONE;NONE;0
1193;CBSIM : 1;OUT_26V_00;P1;10Z;NONE;NONE;0
1194;CBSIM : 1;OUT_26V_01;P1;12F;NONE;NONE;0
1195;CBSIM : 1;OUT_26V_02;P1;12D;NONE;NONE;0
1196;CBSIM : 1;OUT_26V_03;P1;12B;NONE;NONE;0
1197;CBSIM : 1;OUT_26V_04;P1;12Z;NONE;NONE;0
1198;CBSIM : 1;OUT_26V_05;P1;14F;NONE;NONE;0
1199;CBSIM : 1;OUT_26V_06;P1;14D;NONE;NONE;0
1200;CBSIM : 1;OUT_26V_07;P1;14B;NONE;NONE;0
1201;CBSIM : 1;OUT_26V_08;P1;14Z;NONE;NONE;0
1202;CBSIM : 1;CURRENT_SRC1;P1;16F;NONE;NONE;0
1203;CBSIM : 1;GND_CB;P1;16D;NONE;NONE;0
1204;CBSIM : 1;GND_CB;P1;16B;NONE;NONE;0
1205;CBSIM : 1;GND_CB;P1;16Z;NONE;NONE;0
1206;CBSIM : 1;26V_CS_IN_00;P1;18F;NONE;NONE;0
1207;CBSIM : 1;26V_CS_IN_01;P1;18D;NONE;NONE;0
1208;CBSIM : 1;26V_CS_IN_02;P1;18B;NONE;NONE;0
1209;CBSIM : 1;26V_CS_IN_03;P1;18Z;NONE;NONE;0
1210;CBSIM : 1;26V_CS_IN_04;P1;20F;NONE;NONE;0
1211;CBSIM : 1;CURRENT_SRC0;P1;20D;NONE;NONE;0
1212;CBSIM : 1;VALVE_IN_22;P1;20B;NONE;NONE;0
1213;CBSIM : 1;VALVE_OUT_22;P1;20Z;NONE;NONE;0
1214;CBSIM : 1;VALVE_OUT_08;P1;22F;NONE;NONE;0
1215;CBSIM : 1;VALVE_IN_08;P1;22D;NONE;NONE;0
1216;CBSIM : 1;VALVE_OUT_09;P1;22B;NONE;NONE;0
1217;CBSIM : 1;VALVE_IN_09;P1;22Z;NONE;NONE;0
1218;CBSIM : 1;VALVE_OUT_10;P1;24F;NONE;NONE;0
1219;CBSIM : 1;VALVE_IN_10;P1;24D;NONE;NONE;0
1220;CBSIM : 1;VALVE_COIL-_00;P1;24B;NONE;NONE;0
1221;CBSIM : 1;VALVE_COIL+_00;P1;24Z;NONE;NONE;0
1222;CBSIM : 1;VALVE_BREAK_IN_00;P1;26F;NONE;NONE;0
1223;CBSIM : 1;VALVE_BREAK_OUT_00;P1;26D;NONE;NONE;0
1224;CBSIM : 1;GND_CB;P1;26B;NONE;NONE;0
1225;CBSIM : 1;GND_CB;P1;26Z;NONE;NONE;0
1226;CBSIM : 1;RELAIS_OUT_08;P1;28F;NONE;NONE;0
1227;CBSIM : 1;5V_CB;P1;28D;NONE;NONE;0
1228;CBSIM : 1;5V_CB;P1;28B;NONE;NONE;0
1229;CBSIM : 1;RELAIS_IN_08;P1;28Z;NONE;NONE;0
1230;CBSIM : 1;PX_IN_02;P1;30F;test_in;NONE;0
1231;CBSIM : 1;PX_OUT_02;P1;30D;test_out;NONE;0
1232;CBSIM : 1;GND_CB;P1;30B;NONE;NONE;0
1233;CBSIM : 1;GND_CB;P1;30Z;NONE;NONE;0
1234;CBSIM : 1;GND_CB;P1;32F;NONE;NONE;0
1235;CBSIM : 1;GND_CB;P1;32D;NONE;NONE;0
1236;CBSIM : 1;26V_CB;P1;32B;NONE;NONE;0
1237;CBSIM : 1;26V_CB;P1;32Z;NONE;NONE;0
1238;CBSIM : 1;12VP_CB;P3;2F;NONE;NONE;0
1239;CBSIM : 1;12VP_CB;P3;2D;NONE;NONE;0
1240;CBSIM : 1;12VN_CB;P3;2B;NONE;NONE;0
1241;CBSIM : 1;12VN_CB;P3;2Z;NONE;NONE;0
1242;CBSIM : 1;26V_INP_00;P3;4F;NONE;NONE;0
1243;CBSIM : 1;26V_INP_01;P3;4D;NONE;NONE;0
1244;CBSIM : 1;26V_INP_02;P3;4B;NONE;NONE;0
1245;CBSIM : 1;26V_INP_03;P3;4Z;NONE;NONE;0
1246;CBSIM : 1;26V_INP_04;P3;6F;NONE;NONE;0
1247;CBSIM : 1;26V_INP_05;P3;6D;NONE;NONE;0
1248;CBSIM : 1;26V_INP_06;P3;6B;NONE;NONE;0
1249;CBSIM : 1;26V_INP_07;P3;6Z;NONE;NONE;0
1250;CBSIM : 1;PX_IN_00;P3;8F;PX_PFP_8V;CBMP;6000
1251;CBSIM : 1;PX_OUT_00;P3;8D;PX_PFP;CBMP;6000
1252;CBSIM : 1;PX_IN_01;P3;8B;NONE;NONE;0
1253;CBSIM : 1;PX_OUT_01;P3;8Z;NONE;NONE;0
1254;CBSIM : 1;VALVE_COIL-_01;P3;10F;NONE;NONE;0
1255;CBSIM : 1;VALVE_COIL+_01;P3;10D;NONE;NONE;0
1256;CBSIM : 1;VALVE_IN_11;P3;10B;NONE;NONE;0
1257;CBSIM : 1;VALVE_OUT_11;P3;10Z;NONE;NONE;0
1258;CBSIM : 1;VALVE_IN_12;P3;12F;NONE;NONE;0
1259;CBSIM : 1;VALVE_OUT_12;P3;12D;NONE;NONE;0
1260;CBSIM : 1;VALVE_IN_13;P3;12B;NONE;NONE;0
1261;CBSIM : 1;VALVE_OUT_13;P3;12Z;NONE;NONE;0
1262;CBSIM : 1;VALVE_IN_14;P3;14F;NONE;NONE;0
1263;CBSIM : 1;VALVE_OUT_15;P3;14D;NONE;NONE;0
1264;CBSIM : 1;VALVE_IN_15;P3;14B;NONE;NONE;0
1265;CBSIM : 1;VALVE_OUT_14;P3;14Z;NONE;NONE;0
1266;CBSIM : 1;RELAIS_IN_00;P3;16F;PBSTOP_26V (SFTY_26V);CBMP;6000
1267;CBSIM : 1;RELAIS_OUT_00;P3;16D;PBSTOP;CBMP;6000
1268;CBSIM : 1;RELAIS_IN_01;P3;16B;REES;CBMP;6000
1269;CBSIM : 1;RELAIS_OUT_01;P3;16Z;PBSTRT;CBMP;6000
1270;CBSIM : 1;48VAC+;P3;18F;NONE;NONE;0
1271;CBSIM : 1;GND_CB;P3;18D;NONE;NONE;0
1272;CBSIM : 1;GND_CB;P3;18B;NONE;NONE;0
1273;CBSIM : 1;GND_CB;P3;18Z;NONE;NONE;0
1274;CBSIM : 1;GND_CB;P3;20F;NONE;NONE;0
1275;CBSIM : 1;VALVE_BREAK_IN_01;P3;20D;NONE;NONE;0
1276;CBSIM : 1;VALVE_BREAK_OUT_01;P3;20B;NONE;NONE;0
1277;CBSIM : 1;GND_CB;P3;20Z;NONE;NONE;0
1278;CBSIM : 1;RELAIS_IN_02;P3;22F;REES;CBMP;6000
1279;CBSIM : 1;RELAIS_OUT_02;P3;22D;PBSMF;CBMP;6000
1280;CBSIM : 1;RELAIS_IN_03;P3;22B;REES;CBMP;6000
1281;CBSIM : 1;RELAIS_OUT_03;P3;22Z;NONE;NONE;0
1282;CBSIM : 1;RELAIS_IN_05;P3;24F;REES;CBMP;6000
1283;CBSIM : 1;RELAIS_OUT_05;P3;24D;PBPFR;CBMP;6000
1284;CBSIM : 1;RELAIS_IN_04;P3;24B;REES;CBMP;6000
1285;CBSIM : 1;RELAIS_OUT_04;P3;24Z;PBPFF;CBMP;6000
1286;CBSIM : 1;VALVE_IN_16;P3;26F;NONE;NONE;0
1287;CBSIM : 1;VALVE_OUT_16;P3;26D;NONE;NONE;0
1288;CBSIM : 1;VALVE_IN_17;P3;26B;NONE;NONE;0
1289;CBSIM : 1;VALVE_OUT_17;P3;26Z;NONE;NONE;0
1290;CBSIM : 1;VALVE_IN_18;P3;28F;NONE;NONE;0
1291;CBSIM : 1;VALVE_OUT_18;P3;28D;NONE;NONE;0
1292;CBSIM : 1;VALVE_IN_19;P3;28B;NONE;NONE;0
1293;CBSIM : 1;VALVE_OUT_19;P3;28Z;NONE;NONE;0
1294;CBSIM : 1;RELAIS_IN_07;P3;30F;NONE;NONE;0
1295;CBSIM : 1;RELAIS_OUT_07;P3;30D;NONE;NONE;0
1296;CBSIM : 1;RELAIS_IN_06;P3;30B;REES;CBMP;6000
1297;CBSIM : 1;RELAIS_OUT_06;P3;30Z;PBSTRTSMPF2;CBMP;6000
1298;CBSIM : 1;VALVE_IN_20;P3;32F;NONE;NONE;0
1299;CBSIM : 1;VALVE_OUT_20;P3;32D;NONE;NONE;0
1300;CBSIM : 1;VALVE_IN_21;P3;32B;NONE;NONE;0
1301;CBSIM : 1;VALVE_OUT_21;P3;32Z;NONE;NONE;0
1302;CBSIM : 1;DIRECT_OUT_00;P18;1;NONE;NONE;4
1303;CBSIM : 1;DIRECT_OUT_01;P18;2;NONE;NONE;0
1304;CBSIM : 1;DIRECT_OUT_02;P18;3;NONE;NONE;0
1305;CBSIM : 1;DIRECT_OUT_03;P18;4;NONE;NONE;0
1306;CBSIM : 1;DIRECT_OUT_04;P18;5;NONE;NONE;0
1307;CBSIM : 1;DIRECT_OUT_05;P18;6;NONE;NONE;0
1308;CBSIM : 1;DIRECT_OUT_06;P18;7;NONE;NONE;0
1309;CBSIM : 1;DIRECT_OUT_07;P18;8;NONE;NONE;0
1310;CBSIM : 1;DIRECT_OUT_08;P18;9;NONE;NONE;0
1311;CBSIM : 1;DIRECT_OUT_09;P18;10;NONE;NONE;0
1312;CBSIM : 1;DIRECT_OUT_10;P18;11;NONE;NONE;0
1313;CBSIM : 1;DIRECT_OUT_11;P18;12;NONE;NONE;0
1314;CBSIM : 1;DIRECT_OUT_12;P18;13;NONE;NONE;0
1315;CBSIM : 1;DIRECT_OUT_13;P18;14;NONE;NONE;0
1316;CBSIM : 1;DIRECT_OUT_14;P18;15;NONE;NONE;0
1317;CBSIM : 1;DIRECT_OUT_15;P18;16;NONE;NONE;0
1318;CBSIM : 1;NC;P18;17;NONE;NONE;0
1319;CBSIM : 1;GND_EMU;P18;18;NONE;NONE;0
1320;CBSIM : 1;GND_EMU;P18;19;NONE;NONE;0
1321;CBSIM : 1;DIRECT_IN_00;P18;20;NONE;NONE;0
1322;CBSIM : 1;DIRECT_IN_01;P18;21;NONE;NONE;0
1323;CBSIM : 1;DIRECT_IN_02;P18;22;NONE;NONE;0
1324;CBSIM : 1;DIRECT_IN_03;P18;23;NONE;NONE;0
1325;CBSIM : 1;DIRECT_IN_04;P18;24;NONE;NONE;0
1326;CBSIM : 1;DIRECT_IN_05;P18;25;NONE;NONE;0
1327;CBSIM : 1;DIRECT_IN_06;P18;26;NONE;NONE;0
1328;CBSIM : 1;DIRECT_IN_07;P18;27;NONE;NONE;0
1329;CBSIM : 1;DIRECT_IN_08;P18;28;NONE;NONE;0
1330;CBSIM : 1;DIRECT_IN_09;P18;29;NONE;NONE;0
1331;CBSIM : 1;DIRECT_IN_10;P18;30;NONE;NONE;0
1332;CBSIM : 1;DIRECT_IN_11;P18;31;NONE;NONE;0
1333;CBSIM : 1;DIRECT_IN_12;P18;32;NONE;NONE;0
1334;CBSIM : 1;DIRECT_IN_13;P18;33;NONE;NONE;0
1335;CBSIM : 1;DIRECT_IN_14;P18;34;NONE;NONE;0
1336;CBSIM : 1;DIRECT_IN_15;P18;35;NONE;NONE;0
1337;CBSIM : 1;5V_EMU;P18;36;NONE;NONE;0
1338;CBSIM : 1;5V_EMU;P18;37;NONE;NONE;0
1339;CBSIM : 1;12VP_EMU;P19;1;NONE;NONE;0
1340;CBSIM : 1;ANA_EMU0;P19;2;NONE;NONE;0
1341;CBSIM : 1;ANA_EMU1;P19;3;NONE;NONE;0
1342;CBSIM : 1;12VN_EMU;P19;4;NONE;NONE;0
1343;CBSIM : 1;GND_EMU;P19;5;NONE;NONE;0
1344;CBSIM : 1;ANA_EMU0;P19;6;NONE;NONE;0
1345;CBSIM : 1;ANA_EMU1;P19;7;NONE;NONE;0
1346;CBSIM : 1;NC;P19;8;NONE;NONE;0
1347;CBSIM : 1;GND_EMU;P19;9;NONE;NONE;0
1348;CBSIM : 2;VALVE_IN_00;P1;2F;NONE;NONE;0
1349;CBSIM : 2;VALVE_OUT_00;P1;2D;NONE;NONE;0
1350;CBSIM : 2;VALVE_IN_01;P1;2B;NONE;NONE;0
1351;CBSIM : 2;VALVE_OUT_01;P1;2Z;NONE;NONE;0
1352;CBSIM : 2;VALVE_IN_02;P1;4F;NONE;NONE;0
1353;CBSIM : 2;VALVE_OUT_02;P1;4D;NONE;NONE;0
1354;CBSIM : 2;VALVE_IN_03;P1;4B;NONE;NONE;0
1355;CBSIM : 2;VALVE_OUT_03;P1;4Z;NONE;NONE;0
1356;CBSIM : 2;VALVE_IN_04;P1;6F;NONE;NONE;0
1357;CBSIM : 2;VALVE_OUT_04;P1;6D;NONE;NONE;0
1358;CBSIM : 2;VALVE_IN_05;P1;6B;NONE;NONE;0
1359;CBSIM : 2;VALVE_OUT_05;P1;6Z;NONE;NONE;0
1360;CBSIM : 2;VALVE_IN_06;P1;8F;NONE;NONE;0
1361;CBSIM : 2;VALVE_OUT_06;P1;8D;NONE;NONE;0
1362;CBSIM : 2;VALVE_IN_07;P1;8B;NONE;NONE;0
1363;CBSIM : 2;VALVE_OUT_07;P1;8Z;NONE;NONE;0
1364;CBSIM : 2;OC_OUT_00;P1;10F;NONE;NONE;0
1365;CBSIM : 2;OC_OUT_01;P1;10D;NONE;NONE;0
1366;CBSIM : 2;5V_OUT;P1;10B;NONE;NONE;0
1367;CBSIM : 2;OUT_26V_00;P1;10Z;NONE;NONE;0
1368;CBSIM : 2;OUT_26V_01;P1;12F;NONE;NONE;0
1369;CBSIM : 2;OUT_26V_02;P1;12D;NONE;NONE;0
1370;CBSIM : 2;OUT_26V_03;P1;12B;NONE;NONE;0
1371;CBSIM : 2;OUT_26V_04;P1;12Z;NONE;NONE;0
1372;CBSIM : 2;OUT_26V_05;P1;14F;NONE;NONE;0
1373;CBSIM : 2;OUT_26V_06;P1;14D;NONE;NONE;0
1374;CBSIM : 2;OUT_26V_07;P1;14B;NONE;NONE;0
1375;CBSIM : 2;OUT_26V_08;P1;14Z;NONE;NONE;0
1376;CBSIM : 2;CURRENT_SRC1;P1;16F;NONE;NONE;0
1377;CBSIM : 2;GND_CB;P1;16D;NONE;NONE;0
1378;CBSIM : 2;GND_CB;P1;16B;NONE;NONE;0
1379;CBSIM : 2;GND_CB;P1;16Z;NONE;NONE;0
1380;CBSIM : 2;26V_CS_IN_00;P1;18F;NONE;NONE;0
1381;CBSIM : 2;26V_CS_IN_01;P1;18D;NONE;NONE;0
1382;CBSIM : 2;26V_CS_IN_02;P1;18B;NONE;NONE;0
1383;CBSIM : 2;26V_CS_IN_03;P1;18Z;NONE;NONE;0
1384;CBSIM : 2;26V_CS_IN_04;P1;20F;NONE;NONE;0
1385;CBSIM : 2;CURRENT_SRC0;P1;20D;NONE;NONE;0
1386;CBSIM : 2;VALVE_IN_22;P1;20B;NONE;NONE;0
1387;CBSIM : 2;VALVE_OUT_22;P1;20Z;NONE;NONE;0
1388;CBSIM : 2;VALVE_OUT_08;P1;22F;NONE;NONE;0
1389;CBSIM : 2;VALVE_IN_08;P1;22D;NONE;NONE;0
1390;CBSIM : 2;VALVE_OUT_09;P1;22B;NONE;NONE;0
1391;CBSIM : 2;VALVE_IN_09;P1;22Z;NONE;NONE;0
1392;CBSIM : 2;VALVE_OUT_10;P1;24F;NONE;NONE;0
1393;CBSIM : 2;VALVE_IN_10;P1;24D;NONE;NONE;0
1394;CBSIM : 2;VALVE_COIL-_00;P1;24B;NONE;NONE;0
1395;CBSIM : 2;VALVE_COIL+_00;P1;24Z;NONE;NONE;0
1396;CBSIM : 2;VALVE_BREAK_IN_00;P1;26F;NONE;NONE;0
1397;CBSIM : 2;VALVE_BREAK_OUT_00;P1;26D;NONE;NONE;0
1398;CBSIM : 2;GND_CB;P1;26B;NONE;NONE;0
1399;CBSIM : 2;GND_CB;P1;26Z;NONE;NONE;0
1400;CBSIM : 2;RELAIS_OUT_08;P1;28F;NONE;NONE;0
1401;CBSIM : 2;5V_CB;P1;28D;NONE;NONE;0
1402;CBSIM : 2;5V_CB;P1;28B;NONE;NONE;0
1403;CBSIM : 2;RELAIS_IN_08;P1;28Z;NONE;NONE;0
1404;CBSIM : 2;PX_IN_02;P1;30F;NONE;NONE;0
1405;CBSIM : 2;PX_OUT_02;P1;30D;NONE;NONE;0
1406;CBSIM : 2;GND_CB;P1;30B;NONE;NONE;0
1407;CBSIM : 2;GND_CB;P1;30Z;NONE;NONE;0
1408;CBSIM : 2;GND_CB;P1;32F;NONE;NONE;0
1409;CBSIM : 2;GND_CB;P1;32D;NONE;NONE;0
1410;CBSIM : 2;26V_CB;P1;32B;NONE;NONE;0
1411;CBSIM : 2;26V_CB;P1;32Z;NONE;NONE;0
1412;CBSIM : 2;12VP_CB;P3;2F;NONE;NONE;0
1413;CBSIM : 2;12VP_CB;P3;2D;NONE;NONE;0
1414;CBSIM : 2;12VN_CB;P3;2B;NONE;NONE;0
1415;CBSIM : 2;12VN_CB;P3;2Z;NONE;NONE;0
1416;CBSIM : 2;26V_INP_00;P3;4F;NONE;NONE;0
1417;CBSIM : 2;26V_INP_01;P3;4D;NONE;NONE;0
1418;CBSIM : 2;26V_INP_02;P3;4B;NONE;NONE;0
1419;CBSIM : 2;26V_INP_03;P3;4Z;NONE;NONE;0
1420;CBSIM : 2;26V_INP_04;P3;6F;NONE;NONE;0
1421;CBSIM : 2;26V_INP_05;P3;6D;NONE;NONE;0
1422;CBSIM : 2;26V_INP_06;P3;6B;NONE;NONE;0
1423;CBSIM : 2;26V_INP_07;P3;6Z;NONE;NONE;0
1424;CBSIM : 2;PX_IN_00;P3;8F;PX_REF_8V;CBMP;0
1425;CBSIM : 2;PX_OUT_00;P3;8D;PX_REF;CBMP;0
1426;CBSIM : 2;PX_IN_01;P3;8B;PX_WP_8V;CBMP;0
1427;CBSIM : 2;PX_OUT_01;P3;8Z;PX_WP;CBMP;0
1428;CBSIM : 2;VALVE_COIL-_01;P3;10F;NONE;NONE;0
1429;CBSIM : 2;VALVE_COIL+_01;P3;10D;NONE;NONE;0
1430;CBSIM : 2;VALVE_IN_11;P3;10B;NONE;NONE;0
1431;CBSIM : 2;VALVE_OUT_11;P3;10Z;NONE;NONE;0
1432;CBSIM : 2;VALVE_IN_12;P3;12F;NONE;NONE;0
1433;CBSIM : 2;VALVE_OUT_12;P3;12D;NONE;NONE;0
1434;CBSIM : 2;VALVE_IN_13;P3;12B;NONE;NONE;0
1435;CBSIM : 2;VALVE_OUT_13;P3;12Z;NONE;NONE;0
1436;CBSIM : 2;VALVE_IN_14;P3;14F;NONE;NONE;0
1437;CBSIM : 2;VALVE_OUT_15;P3;14D;NONE;NONE;0
1438;CBSIM : 2;VALVE_IN_15;P3;14B;NONE;NONE;0
1439;CBSIM : 2;VALVE_OUT_14;P3;14Z;NONE;NONE;0
1440;CBSIM : 2;RELAIS_IN_00;P3;16F;NONE;NONE;0
1441;CBSIM : 2;RELAIS_OUT_00;P3;16D;NONE;NONE;0
1442;CBSIM : 2;RELAIS_IN_01;P3;16B;NONE;NONE;0
1443;CBSIM : 2;RELAIS_OUT_01;P3;16Z;NONE;NONE;0
1444;CBSIM : 2;48VAC+;P3;18F;NONE;NONE;0
1445;CBSIM : 2;GND_CB;P3;18D;NONE;NONE;0
1446;CBSIM : 2;GND_CB;P3;18B;NONE;NONE;0
1447;CBSIM : 2;GND_CB;P3;18Z;NONE;NONE;0
1448;CBSIM : 2;GND_CB;P3;20F;NONE;NONE;0
1449;CBSIM : 2;VALVE_BREAK_IN_01;P3;20D;NONE;NONE;0
1450;CBSIM : 2;VALVE_BREAK_OUT_01;P3;20B;NONE;NONE;0
1451;CBSIM : 2;GND_CB;P3;20Z;NONE;NONE;0
1452;CBSIM : 2;RELAIS_IN_02;P3;22F;NONE;NONE;0
1453;CBSIM : 2;RELAIS_OUT_02;P3;22D;NONE;NONE;0
1454;CBSIM : 2;RELAIS_IN_03;P3;22B;NONE;NONE;0
1455;CBSIM : 2;RELAIS_OUT_03;P3;22Z;NONE;NONE;0
1456;CBSIM : 2;RELAIS_IN_05;P3;24F;NONE;NONE;0
1457;CBSIM : 2;RELAIS_OUT_05;P3;24D;NONE;NONE;0
1458;CBSIM : 2;RELAIS_IN_04;P3;24B;NONE;NONE;0
1459;CBSIM : 2;RELAIS_OUT_04;P3;24Z;NONE;NONE;0
1460;CBSIM : 2;VALVE_IN_16;P3;26F;NONE;NONE;0
1461;CBSIM : 2;VALVE_OUT_16;P3;26D;NONE;NONE;0
1462;CBSIM : 2;VALVE_IN_17;P3;26B;NONE;NONE;0
1463;CBSIM : 2;VALVE_OUT_17;P3;26Z;NONE;NONE;0
1464;CBSIM : 2;VALVE_IN_18;P3;28F;NONE;NONE;0
1465;CBSIM : 2;VALVE_OUT_18;P3;28D;NONE;NONE;0
1466;CBSIM : 2;VALVE_IN_19;P3;28B;NONE;NONE;0
1467;CBSIM : 2;VALVE_OUT_19;P3;28Z;NONE;NONE;0
1468;CBSIM : 2;RELAIS_IN_07;P3;30F;NONE;NONE;0
1469;CBSIM : 2;RELAIS_OUT_07;P3;30D;NONE;NONE;0
1470;CBSIM : 2;RELAIS_IN_06;P3;30B;NONE;NONE;0
1471;CBSIM : 2;RELAIS_OUT_06;P3;30Z;NONE;NONE;0
1472;CBSIM : 2;VALVE_IN_20;P3;32F;NONE;NONE;0
1473;CBSIM : 2;VALVE_OUT_20;P3;32D;NONE;NONE;0
1474;CBSIM : 2;VALVE_IN_21;P3;32B;NONE;NONE;0
1475;CBSIM : 2;VALVE_OUT_21;P3;32Z;NONE;NONE;0
1476;CBSIM : 2;DIRECT_OUT_00;P18;1;NONE;NONE;0
1477;CBSIM : 2;DIRECT_OUT_01;P18;2;NONE;NONE;0
1478;CBSIM : 2;DIRECT_OUT_02;P18;3;NONE;NONE;0
1479;CBSIM : 2;DIRECT_OUT_03;P18;4;NONE;NONE;0
1480;CBSIM : 2;DIRECT_OUT_04;P18;5;NONE;NONE;0
1481;CBSIM : 2;DIRECT_OUT_05;P18;6;NONE;NONE;0
1482;CBSIM : 2;DIRECT_OUT_06;P18;7;NONE;NONE;0
1483;CBSIM : 2;DIRECT_OUT_07;P18;8;NONE;NONE;0
1484;CBSIM : 2;DIRECT_OUT_08;P18;9;NONE;NONE;0
1485;CBSIM : 2;DIRECT_OUT_09;P18;10;NONE;NONE;0
1486;CBSIM : 2;DIRECT_OUT_10;P18;11;NONE;NONE;0
1487;CBSIM : 2;DIRECT_OUT_11;P18;12;NONE;NONE;0
1488;CBSIM : 2;DIRECT_OUT_12;P18;13;NONE;NONE;0
1489;CBSIM : 2;DIRECT_OUT_13;P18;14;NONE;NONE;0
1490;CBSIM : 2;DIRECT_OUT_14;P18;15;NONE;NONE;0
1491;CBSIM : 2;DIRECT_OUT_15;P18;16;NONE;NONE;0
1492;CBSIM : 2;NC;P18;17;NONE;NONE;0
1493;CBSIM : 2;GND_EMU;P18;18;NONE;NONE;0
1494;CBSIM : 2;GND_EMU;P18;19;NONE;NONE;0
1495;CBSIM : 2;DIRECT_IN_00;P18;20;NONE;NONE;0
1496;CBSIM : 2;DIRECT_IN_01;P18;21;NONE;NONE;0
1497;CBSIM : 2;DIRECT_IN_02;P18;22;NONE;NONE;0
1498;CBSIM : 2;DIRECT_IN_03;P18;23;NONE;NONE;0
1499;CBSIM : 2;DIRECT_IN_04;P18;24;NONE;NONE;0
1500;CBSIM : 2;DIRECT_IN_05;P18;25;NONE;NONE;0
1501;CBSIM : 2;DIRECT_IN_06;P18;26;NONE;NONE;0
1502;CBSIM : 2;DIRECT_IN_07;P18;27;NONE;NONE;0
1503;CBSIM : 2;DIRECT_IN_08;P18;28;NONE;NONE;0
1504;CBSIM : 2;DIRECT_IN_09;P18;29;NONE;NONE;0
1505;CBSIM : 2;DIRECT_IN_10;P18;30;NONE;NONE;0
1506;CBSIM : 2;DIRECT_IN_11;P18;31;NONE;NONE;0
1507;CBSIM : 2;DIRECT_IN_12;P18;32;NONE;NONE;0
1508;CBSIM : 2;DIRECT_IN_13;P18;33;NONE;NONE;0
1509;CBSIM : 2;DIRECT_IN_14;P18;34;NONE;NONE;0
1510;CBSIM : 2;DIRECT_IN_15;P18;35;NONE;NONE;0
1511;CBSIM : 2;5V_EMU;P18;36;NONE;NONE;0
1512;CBSIM : 2;5V_EMU;P18;37;NONE;NONE;0
1513;CBSIM : 2;12VP_EMU;P19;1;NONE;NONE;0
1514;CBSIM : 2;ANA_EMU0;P19;2;NONE;NONE;0
1515;CBSIM : 2;ANA_EMU1;P19;3;NONE;NONE;0
1516;CBSIM : 2;12VN_EMU;P19;4;NONE;NONE;0
1517;CBSIM : 2;GND_EMU;P19;5;NONE;NONE;0
1518;CBSIM : 2;ANA_EMU0;P19;6;NONE;NONE;0
1519;CBSIM : 2;ANA_EMU1;P19;7;NONE;NONE;0
1520;CBSIM : 2;NC;P19;8;NONE;NONE;0
1521;CBSIM : 2;GND_EMU;P19;9;NONE;NONE;0
1522;CBSIM : 3;VALVE_IN_00;P1;2F;NONE;NONE;0
1523;CBSIM : 3;VALVE_OUT_00;P1;2D;NONE;NONE;0
1524;CBSIM : 3;VALVE_IN_01;P1;2B;NONE;NONE;0
1525;CBSIM : 3;VALVE_OUT_01;P1;2Z;NONE;NONE;0
1526;CBSIM : 3;VALVE_IN_02;P1;4F;NONE;NONE;0
1527;CBSIM : 3;VALVE_OUT_02;P1;4D;NONE;NONE;0
1528;CBSIM : 3;VALVE_IN_03;P1;4B;NONE;NONE;0
1529;CBSIM : 3;VALVE_OUT_03;P1;4Z;NONE;NONE;0
1530;CBSIM : 3;VALVE_IN_04;P1;6F;NONE;NONE;0
1531;CBSIM : 3;VALVE_OUT_04;P1;6D;NONE;NONE;0
1532;CBSIM : 3;VALVE_IN_05;P1;6B;NONE;NONE;0
1533;CBSIM : 3;VALVE_OUT_05;P1;6Z;NONE;NONE;0
1534;CBSIM : 3;VALVE_IN_06;P1;8F;NONE;NONE;0
1535;CBSIM : 3;VALVE_OUT_06;P1;8D;NONE;NONE;0
1536;CBSIM : 3;VALVE_IN_07;P1;8B;NONE;NONE;0
1537;CBSIM : 3;VALVE_OUT_07;P1;8Z;NONE;NONE;0
1538;CBSIM : 3;OC_OUT_00;P1;10F;NONE;NONE;0
1539;CBSIM : 3;OC_OUT_01;P1;10D;NONE;NONE;0
1540;CBSIM : 3;5V_OUT;P1;10B;NONE;NONE;0
1541;CBSIM : 3;OUT_26V_00;P1;10Z;NONE;NONE;0
1542;CBSIM : 3;OUT_26V_01;P1;12F;NONE;NONE;0
1543;CBSIM : 3;OUT_26V_02;P1;12D;NONE;NONE;0
1544;CBSIM : 3;OUT_26V_03;P1;12B;NONE;NONE;0
1545;CBSIM : 3;OUT_26V_04;P1;12Z;NONE;NONE;0
1546;CBSIM : 3;OUT_26V_05;P1;14F;NONE;NONE;0
1547;CBSIM : 3;OUT_26V_06;P1;14D;NONE;NONE;0
1548;CBSIM : 3;OUT_26V_07;P1;14B;NONE;NONE;0
1549;CBSIM : 3;OUT_26V_08;P1;14Z;NONE;NONE;0
1550;CBSIM : 3;CURRENT_SRC1;P1;16F;NONE;NONE;0
1551;CBSIM : 3;GND_CB;P1;16D;NONE;NONE;0
1552;CBSIM : 3;GND_CB;P1;16B;NONE;NONE;0
1553;CBSIM : 3;GND_CB;P1;16Z;NONE;NONE;0
1554;CBSIM : 3;26V_CS_IN_00;P1;18F;NONE;NONE;0
1555;CBSIM : 3;26V_CS_IN_01;P1;18D;NONE;NONE;0
1556;CBSIM : 3;26V_CS_IN_02;P1;18B;NONE;NONE;0
1557;CBSIM : 3;26V_CS_IN_03;P1;18Z;NONE;NONE;0
1558;CBSIM : 3;26V_CS_IN_04;P1;20F;NONE;NONE;0
1559;CBSIM : 3;CURRENT_SRC0;P1;20D;NONE;NONE;0
1560;CBSIM : 3;VALVE_IN_22;P1;20B;NONE;NONE;0
1561;CBSIM : 3;VALVE_OUT_22;P1;20Z;NONE;NONE;0
1562;CBSIM : 3;VALVE_OUT_08;P1;22F;NONE;NONE;0
1563;CBSIM : 3;VALVE_IN_08;P1;22D;NONE;NONE;0
1564;CBSIM : 3;VALVE_OUT_09;P1;22B;NONE;NONE;0
1565;CBSIM : 3;VALVE_IN_09;P1;22Z;NONE;NONE;0
1566;CBSIM : 3;VALVE_OUT_10;P1;24F;QS1_OUT;RBSD-A;3000
1567;CBSIM : 3;VALVE_IN_10;P1;24D;QS1_IN;RBSD-A;3000
1568;CBSIM : 3;VALVE_COIL-_00;P1;24B;NONE;NONE;0
1569;CBSIM : 3;VALVE_COIL+_00;P1;24Z;NONE;NONE;0
1570;CBSIM : 3;VALVE_BREAK_IN_00;P1;26F;NONE;NONE;0
1571;CBSIM : 3;VALVE_BREAK_OUT_00;P1;26D;NONE;NONE;0
1572;CBSIM : 3;GND_CB;P1;26B;NONE;NONE;0
1573;CBSIM : 3;GND_CB;P1;26Z;NONE;NONE;0
1574;CBSIM : 3;RELAIS_OUT_08;P1;28F;NONE;NONE;0
1575;CBSIM : 3;5V_CB;P1;28D;NONE;NONE;0
1576;CBSIM : 3;5V_CB;P1;28B;NONE;NONE;0
1577;CBSIM : 3;RELAIS_IN_08;P1;28Z;NONE;NONE;0
1578;CBSIM : 3;PX_IN_02;P1;30F;NONE;NONE;0
1579;CBSIM : 3;PX_OUT_02;P1;30D;NONE;NONE;0
1580;CBSIM : 3;GND_CB;P1;30B;NONE;NONE;0
1581;CBSIM : 3;GND_CB;P1;30Z;NONE;NONE;0
1582;CBSIM : 3;GND_CB;P1;32F;NONE;NONE;0
1583;CBSIM : 3;GND_CB;P1;32D;NONE;NONE;0
1584;CBSIM : 3;26V_CB;P1;32B;NONE;NONE;0
1585;CBSIM : 3;26V_CB;P1;32Z;NONE;NONE;0
1586;CBSIM : 3;12VP_CB;P3;2F;NONE;NONE;0
1587;CBSIM : 3;12VP_CB;P3;2D;NONE;NONE;0
1588;CBSIM : 3;12VN_CB;P3;2B;NONE;NONE;0
1589;CBSIM : 3;12VN_CB;P3;2Z;NONE;NONE;0
1590;CBSIM : 3;26V_INP_00;P3;4F;NONE;NONE;0
1591;CBSIM : 3;26V_INP_01;P3;4D;NONE;NONE;0
1592;CBSIM : 3;26V_INP_02;P3;4B;NONE;NONE;0
1593;CBSIM : 3;26V_INP_03;P3;4Z;NONE;NONE;0
1594;CBSIM : 3;26V_INP_04;P3;6F;NONE;NONE;0
1595;CBSIM : 3;26V_INP_05;P3;6D;NONE;NONE;0
1596;CBSIM : 3;26V_INP_06;P3;6B;NONE;NONE;0
1597;CBSIM : 3;26V_INP_07;P3;6Z;NONE;NONE;0
1598;CBSIM : 3;PX_IN_00;P3;8F;PX_REF_8V;CBMP;0
1599;CBSIM : 3;PX_OUT_00;P3;8D;PX_REF;CBMP;0
1600;CBSIM : 3;PX_IN_01;P3;8B;PX_WP_8V;CBMP;0
1601;CBSIM : 3;PX_OUT_01;P3;8Z;PX_WP;CBMP;0
1602;CBSIM : 3;VALVE_COIL-_01;P3;10F;NONE;NONE;0
1603;CBSIM : 3;VALVE_COIL+_01;P3;10D;NONE;NONE;0
1604;CBSIM : 3;VALVE_IN_11;P3;10B;QS2_IN;RBSD-A;3000
1605;CBSIM : 3;VALVE_OUT_11;P3;10Z;QS2_OUT;RBSD-A;3000
1606;CBSIM : 3;VALVE_IN_12;P3;12F;NONE;NONE;0
1607;CBSIM : 3;VALVE_OUT_12;P3;12D;NONE;NONE;0
1608;CBSIM : 3;VALVE_IN_13;P3;12B;QS3_IN;RBSD-A;3000
1609;CBSIM : 3;VALVE_OUT_13;P3;12Z;QS3_OUT;RBSD-A;3000
1610;CBSIM : 3;VALVE_IN_14;P3;14F;NONE;NONE;0
1611;CBSIM : 3;VALVE_OUT_15;P3;14D;NONE;NONE;0
1612;CBSIM : 3;VALVE_IN_15;P3;14B;NONE;NONE;0
1613;CBSIM : 3;VALVE_OUT_14;P3;14Z;NONE;NONE;0
1614;CBSIM : 3;RELAIS_IN_00;P3;16F;NONE;NONE;0
1615;CBSIM : 3;RELAIS_OUT_00;P3;16D;NONE;NONE;0
1616;CBSIM : 3;RELAIS_IN_01;P3;16B;NONE;NONE;0
1617;CBSIM : 3;RELAIS_OUT_01;P3;16Z;NONE;NONE;0
1618;CBSIM : 3;48VAC+;P3;18F;NONE;NONE;0
1619;CBSIM : 3;GND_CB;P3;18D;NONE;NONE;0
1620;CBSIM : 3;GND_CB;P3;18B;NONE;NONE;0
1621;CBSIM : 3;GND_CB;P3;18Z;NONE;NONE;0
1622;CBSIM : 3;GND_CB;P3;20F;NONE;NONE;0
1623;CBSIM : 3;VALVE_BREAK_IN_01;P3;20D;NONE;NONE;0
1624;CBSIM : 3;VALVE_BREAK_OUT_01;P3;20B;NONE;NONE;0
1625;CBSIM : 3;GND_CB;P3;20Z;NONE;NONE;0
1626;CBSIM : 3;RELAIS_IN_02;P3;22F;NONE;NONE;0
1627;CBSIM : 3;RELAIS_OUT_02;P3;22D;NONE;NONE;0
1628;CBSIM : 3;RELAIS_IN_03;P3;22B;NONE;NONE;0
1629;CBSIM : 3;RELAIS_OUT_03;P3;22Z;NONE;NONE;0
1630;CBSIM : 3;RELAIS_IN_05;P3;24F;NONE;NONE;0
1631;CBSIM : 3;RELAIS_OUT_05;P3;24D;NONE;NONE;0
1632;CBSIM : 3;RELAIS_IN_04;P3;24B;NONE;NONE;0
1633;CBSIM : 3;RELAIS_OUT_04;P3;24Z;NONE;NONE;0
1634;CBSIM : 3;VALVE_IN_16;P3;26F;QS4_IN;RBSD-A;3000
1635;CBSIM : 3;VALVE_OUT_16;P3;26D;QS4_OUT;RBSD-A;3000
1636;CBSIM : 3;VALVE_IN_17;P3;26B;NONE;NONE;0
1637;CBSIM : 3;VALVE_OUT_17;P3;26Z;NONE;NONE;0
1638;CBSIM : 3;VALVE_IN_18;P3;28F;NONE;NONE;0
1639;CBSIM : 3;VALVE_OUT_18;P3;28D;NONE;NONE;0
1640;CBSIM : 3;VALVE_IN_19;P3;28B;NONE;NONE;0
1641;CBSIM : 3;VALVE_OUT_19;P3;28Z;NONE;NONE;0
1642;CBSIM : 3;RELAIS_IN_07;P3;30F;NONE;NONE;0
1643;CBSIM : 3;RELAIS_OUT_07;P3;30D;NONE;NONE;0
1644;CBSIM : 3;RELAIS_IN_06;P3;30B;NONE;NONE;0
1645;CBSIM : 3;RELAIS_OUT_06;P3;30Z;NONE;NONE;0
1646;CBSIM : 3;VALVE_IN_20;P3;32F;NONE;NONE;0
1647;CBSIM : 3;VALVE_OUT_20;P3;32D;NONE;NONE;0
1648;CBSIM : 3;VALVE_IN_21;P3;32B;NONE;NONE;0
1649;CBSIM : 3;VALVE_OUT_21;P3;32Z;NONE;NONE;0
1650;CBSIM : 3;DIRECT_OUT_00;P18;1;NONE;NONE;0
1651;CBSIM : 3;DIRECT_OUT_01;P18;2;NONE;NONE;0
1652;CBSIM : 3;DIRECT_OUT_02;P18;3;NONE;NONE;0
1653;CBSIM : 3;DIRECT_OUT_03;P18;4;NONE;NONE;0
1654;CBSIM : 3;DIRECT_OUT_04;P18;5;NONE;NONE;0
1655;CBSIM : 3;DIRECT_OUT_05;P18;6;NONE;NONE;0
1656;CBSIM : 3;DIRECT_OUT_06;P18;7;NONE;NONE;0
1657;CBSIM : 3;DIRECT_OUT_07;P18;8;NONE;NONE;0
1658;CBSIM : 3;DIRECT_OUT_08;P18;9;NONE;NONE;0
1659;CBSIM : 3;DIRECT_OUT_09;P18;10;NONE;NONE;0
1660;CBSIM : 3;DIRECT_OUT_10;P18;11;NONE;NONE;0
1661;CBSIM : 3;DIRECT_OUT_11;P18;12;NONE;NONE;0
1662;CBSIM : 3;DIRECT_OUT_12;P18;13;NONE;NONE;0
1663;CBSIM : 3;DIRECT_OUT_13;P18;14;NONE;NONE;0
1664;CBSIM : 3;DIRECT_OUT_14;P18;15;NONE;NONE;0
1665;CBSIM : 3;DIRECT_OUT_15;P18;16;NONE;NONE;0
1666;CBSIM : 3;NC;P18;17;NONE;NONE;0
1667;CBSIM : 3;GND_EMU;P18;18;NONE;NONE;0
1668;CBSIM : 3;GND_EMU;P18;19;NONE;NONE;0
1669;CBSIM : 3;DIRECT_IN_00;P18;20;NONE;NONE;0
1670;CBSIM : 3;DIRECT_IN_01;P18;21;NONE;NONE;0
1671;CBSIM : 3;DIRECT_IN_02;P18;22;NONE;NONE;0
1672;CBSIM : 3;DIRECT_IN_03;P18;23;NONE;NONE;0
1673;CBSIM : 3;DIRECT_IN_04;P18;24;NONE;NONE;0
1674;CBSIM : 3;DIRECT_IN_05;P18;25;NONE;NONE;0
1675;CBSIM : 3;DIRECT_IN_06;P18;26;NONE;NONE;0
1676;CBSIM : 3;DIRECT_IN_07;P18;27;NONE;NONE;0
1677;CBSIM : 3;DIRECT_IN_08;P18;28;NONE;NONE;0
1678;CBSIM : 3;DIRECT_IN_09;P18;29;NONE;NONE;0
1679;CBSIM : 3;DIRECT_IN_10;P18;30;NONE;NONE;0
1680;CBSIM : 3;DIRECT_IN_11;P18;31;NONE;NONE;0
1681;CBSIM : 3;DIRECT_IN_12;P18;32;NONE;NONE;0
1682;CBSIM : 3;DIRECT_IN_13;P18;33;NONE;NONE;0
1683;CBSIM : 3;DIRECT_IN_14;P18;34;NONE;NONE;0
1684;CBSIM : 3;DIRECT_IN_15;P18;35;NONE;NONE;0
1685;CBSIM : 3;5V_EMU;P18;36;NONE;NONE;0
1686;CBSIM : 3;5V_EMU;P18;37;NONE;NONE;0
1687;CBSIM : 3;12VP_EMU;P19;1;NONE;NONE;0
1688;CBSIM : 3;ANA_EMU0;P19;2;NONE;NONE;0
1689;CBSIM : 3;ANA_EMU1;P19;3;NONE;NONE;0
1690;CBSIM : 3;12VN_EMU;P19;4;NONE;NONE;0
1691;CBSIM : 3;GND_EMU;P19;5;NONE;NONE;0
1692;CBSIM : 3;ANA_EMU0;P19;6;NONE;NONE;0
1693;CBSIM : 3;ANA_EMU1;P19;7;NONE;NONE;0
1694;CBSIM : 3;NC;P19;8;NONE;NONE;0
1695;CBSIM : 3;GND_EMU;P19;9;NONE;NONE;0
1696;CBSIM : 4;VALVE_IN_00;P1;2F;NONE;NONE;0
1697;CBSIM : 4;VALVE_OUT_00;P1;2D;NONE;NONE;0
1698;CBSIM : 4;VALVE_IN_01;P1;2B;NONE;NONE;0
1699;CBSIM : 4;VALVE_OUT_01;P1;2Z;NONE;NONE;0
1700;CBSIM : 4;VALVE_IN_02;P1;4F;NONE;NONE;0
1701;CBSIM : 4;VALVE_OUT_02;P1;4D;NONE;NONE;0
1702;CBSIM : 4;VALVE_IN_03;P1;4B;NONE;NONE;0
1703;CBSIM : 4;VALVE_OUT_03;P1;4Z;NONE;NONE;0
1704;CBSIM : 4;VALVE_IN_04;P1;6F;NONE;NONE;0
1705;CBSIM : 4;VALVE_OUT_04;P1;6D;NONE;NONE;0
1706;CBSIM : 4;VALVE_IN_05;P1;6B;NONE;NONE;0
1707;CBSIM : 4;VALVE_OUT_05;P1;6Z;NONE;NONE;0
1708;CBSIM : 4;VALVE_IN_06;P1;8F;NONE;NONE;0
1709;CBSIM : 4;VALVE_OUT_06;P1;8D;NONE;NONE;0
1710;CBSIM : 4;VALVE_IN_07;P1;8B;NONE;NONE;0
1711;CBSIM : 4;VALVE_OUT_07;P1;8Z;NONE;NONE;0
1712;CBSIM : 4;OC_OUT_00;P1;10F;NONE;NONE;0
1713;CBSIM : 4;OC_OUT_01;P1;10D;NONE;NONE;0
1714;CBSIM : 4;5V_OUT;P1;10B;NONE;NONE;0
1715;CBSIM : 4;OUT_26V_00;P1;10Z;NONE;NONE;0
1716;CBSIM : 4;OUT_26V_01;P1;12F;NONE;NONE;0
1717;CBSIM : 4;OUT_26V_02;P1;12D;NONE;NONE;0
1718;CBSIM : 4;OUT_26V_03;P1;12B;NONE;NONE;0
1719;CBSIM : 4;OUT_26V_04;P1;12Z;NONE;NONE;0
1720;CBSIM : 4;OUT_26V_05;P1;14F;NONE;NONE;0
1721;CBSIM : 4;OUT_26V_06;P1;14D;NONE;NONE;0
1722;CBSIM : 4;OUT_26V_07;P1;14B;NONE;NONE;0
1723;CBSIM : 4;OUT_26V_08;P1;14Z;NONE;NONE;0
1724;CBSIM : 4;CURRENT_SRC1;P1;16F;NONE;NONE;0
1725;CBSIM : 4;GND_CB;P1;16D;NONE;NONE;0
1726;CBSIM : 4;GND_CB;P1;16B;NONE;NONE;0
1727;CBSIM : 4;GND_CB;P1;16Z;NONE;NONE;0
1728;CBSIM : 4;26V_CS_IN_00;P1;18F;NONE;NONE;0
1729;CBSIM : 4;26V_CS_IN_01;P1;18D;NONE;NONE;0
1730;CBSIM : 4;26V_CS_IN_02;P1;18B;NONE;NONE;0
1731;CBSIM : 4;26V_CS_IN_03;P1;18Z;NONE;NONE;0
1732;CBSIM : 4;26V_CS_IN_04;P1;20F;NONE;NONE;0
1733;CBSIM : 4;CURRENT_SRC0;P1;20D;NONE;NONE;0
1734;CBSIM : 4;VALVE_IN_22;P1;20B;NONE;NONE;0
1735;CBSIM : 4;VALVE_OUT_22;P1;20Z;NONE;NONE;0
1736;CBSIM : 4;VALVE_OUT_08;P1;22F;NONE;NONE;0
1737;CBSIM : 4;VALVE_IN_08;P1;22D;NONE;NONE;0
1738;CBSIM : 4;VALVE_OUT_09;P1;22B;NONE;NONE;0
1739;CBSIM : 4;VALVE_IN_09;P1;22Z;NONE;NONE;0
1740;CBSIM : 4;VALVE_OUT_10;P1;24F;NONE;NONE;0
1741;CBSIM : 4;VALVE_IN_10;P1;24D;NONE;NONE;0
1742;CBSIM : 4;VALVE_COIL-_00;P1;24B;NONE;NONE;0
1743;CBSIM : 4;VALVE_COIL+_00;P1;24Z;NONE;NONE;0
1744;CBSIM : 4;VALVE_BREAK_IN_00;P1;26F;NONE;NONE;0
1745;CBSIM : 4;VALVE_BREAK_OUT_00;P1;26D;NONE;NONE;0
1746;CBSIM : 4;GND_CB;P1;26B;NONE;NONE;0
1747;CBSIM : 4;GND_CB;P1;26Z;NONE;NONE;0
1748;CBSIM : 4;RELAIS_OUT_08;P1;28F;NONE;NONE;0
1749;CBSIM : 4;5V_CB;P1;28D;NONE;NONE;0
1750;CBSIM : 4;5V_CB;P1;28B;NONE;NONE;0
1751;CBSIM : 4;RELAIS_IN_08;P1;28Z;NONE;NONE;0
1752;CBSIM : 4;PX_IN_02;P1;30F;NONE;NONE;0
1753;CBSIM : 4;PX_OUT_02;P1;30D;NONE;NONE;0
1754;CBSIM : 4;GND_CB;P1;30B;NONE;NONE;0
1755;CBSIM : 4;GND_CB;P1;30Z;NONE;NONE;0
1756;CBSIM : 4;GND_CB;P1;32F;NONE;NONE;0
1757;CBSIM : 4;GND_CB;P1;32D;NONE;NONE;0
1758;CBSIM : 4;26V_CB;P1;32B;NONE;NONE;0
1759;CBSIM : 4;26V_CB;P1;32Z;NONE;NONE;0
1760;CBSIM : 4;12VP_CB;P3;2F;NONE;NONE;0
1761;CBSIM : 4;12VP_CB;P3;2D;NONE;NONE;0
1762;CBSIM : 4;12VN_CB;P3;2B;NONE;NONE;0
1763;CBSIM : 4;12VN_CB;P3;2Z;NONE;NONE;0
1764;CBSIM : 4;26V_INP_00;P3;4F;NONE;NONE;0
1765;CBSIM : 4;26V_INP_01;P3;4D;NONE;NONE;0
1766;CBSIM : 4;26V_INP_02;P3;4B;NONE;NONE;0
1767;CBSIM : 4;26V_INP_03;P3;4Z;NONE;NONE;0
1768;CBSIM : 4;26V_INP_04;P3;6F;NONE;NONE;0
1769;CBSIM : 4;26V_INP_05;P3;6D;NONE;NONE;0
1770;CBSIM : 4;26V_INP_06;P3;6B;NONE;NONE;0
1771;CBSIM : 4;26V_INP_07;P3;6Z;NONE;NONE;0
1772;CBSIM : 4;PX_IN_00;P3;8F;PX_REF_8V;CBMP;0
1773;CBSIM : 4;PX_OUT_00;P3;8D;PX_REF;CBMP;0
1774;CBSIM : 4;PX_IN_01;P3;8B;PX_WP_8V;CBMP;0
1775;CBSIM : 4;PX_OUT_01;P3;8Z;PX_WP;CBMP;0
1776;CBSIM : 4;VALVE_COIL-_01;P3;10F;NONE;NONE;0
1777;CBSIM : 4;VALVE_COIL+_01;P3;10D;NONE;NONE;0
1778;CBSIM : 4;VALVE_IN_11;P3;10B;NONE;NONE;0
1779;CBSIM : 4;VALVE_OUT_11;P3;10Z;NONE;NONE;0
1780;CBSIM : 4;VALVE_IN_12;P3;12F;NONE;NONE;0
1781;CBSIM : 4;VALVE_OUT_12;P3;12D;NONE;NONE;0
1782;CBSIM : 4;VALVE_IN_13;P3;12B;NONE;NONE;0
1783;CBSIM : 4;VALVE_OUT_13;P3;12Z;NONE;NONE;0
1784;CBSIM : 4;VALVE_IN_14;P3;14F;NONE;NONE;0
1785;CBSIM : 4;VALVE_OUT_15;P3;14D;NONE;NONE;0
1786;CBSIM : 4;VALVE_IN_15;P3;14B;NONE;NONE;0
1787;CBSIM : 4;VALVE_OUT_14;P3;14Z;NONE;NONE;0
1788;CBSIM : 4;RELAIS_IN_00;P3;16F;NONE;NONE;0
1789;CBSIM : 4;RELAIS_OUT_00;P3;16D;NONE;NONE;0
1790;CBSIM : 4;RELAIS_IN_01;P3;16B;NONE;NONE;0
1791;CBSIM : 4;RELAIS_OUT_01;P3;16Z;NONE;NONE;0
1792;CBSIM : 4;48VAC+;P3;18F;NONE;NONE;0
1793;CBSIM : 4;GND_CB;P3;18D;NONE;NONE;0
1794;CBSIM : 4;GND_CB;P3;18B;NONE;NONE;0
1795;CBSIM : 4;GND_CB;P3;18Z;NONE;NONE;0
1796;CBSIM : 4;GND_CB;P3;20F;NONE;NONE;0
1797;CBSIM : 4;VALVE_BREAK_IN_01;P3;20D;NONE;NONE;0
1798;CBSIM : 4;VALVE_BREAK_OUT_01;P3;20B;NONE;NONE;0
1799;CBSIM : 4;GND_CB;P3;20Z;NONE;NONE;0
1800;CBSIM : 4;RELAIS_IN_02;P3;22F;NONE;NONE;0
1801;CBSIM : 4;RELAIS_OUT_02;P3;22D;NONE;NONE;0
1802;CBSIM : 4;RELAIS_IN_03;P3;22B;NONE;NONE;0
1803;CBSIM : 4;RELAIS_OUT_03;P3;22Z;NONE;NONE;0
1804;CBSIM : 4;RELAIS_IN_05;P3;24F;NONE;NONE;0
1805;CBSIM : 4;RELAIS_OUT_05;P3;24D;NONE;NONE;0
1806;CBSIM : 4;RELAIS_IN_04;P3;24B;NONE;NONE;0
1807;CBSIM : 4;RELAIS_OUT_04;P3;24Z;NONE;NONE;0
1808;CBSIM : 4;VALVE_IN_16;P3;26F;NONE;NONE;0
1809;CBSIM : 4;VALVE_OUT_16;P3;26D;NONE;NONE;0
1810;CBSIM : 4;VALVE_IN_17;P3;26B;NONE;NONE;0
1811;CBSIM : 4;VALVE_OUT_17;P3;26Z;NONE;NONE;0
1812;CBSIM : 4;VALVE_IN_18;P3;28F;NONE;NONE;0
1813;CBSIM : 4;VALVE_OUT_18;P3;28D;NONE;NONE;0
1814;CBSIM : 4;VALVE_IN_19;P3;28B;NONE;NONE;0
1815;CBSIM : 4;VALVE_OUT_19;P3;28Z;NONE;NONE;0
1816;CBSIM : 4;RELAIS_IN_07;P3;30F;NONE;NONE;0
1817;CBSIM : 4;RELAIS_OUT_07;P3;30D;NONE;NONE;0
1818;CBSIM : 4;RELAIS_IN_06;P3;30B;NONE;NONE;0
1819;CBSIM : 4;RELAIS_OUT_06;P3;30Z;NONE;NONE;0
1820;CBSIM : 4;VALVE_IN_20;P3;32F;NONE;NONE;0
1821;CBSIM : 4;VALVE_OUT_20;P3;32D;NONE;NONE;0
1822;CBSIM : 4;VALVE_IN_21;P3;32B;NONE;NONE;0
1823;CBSIM : 4;VALVE_OUT_21;P3;32Z;NONE;NONE;0
1824;CBSIM : 4;DIRECT_OUT_00;P18;1;NONE;NONE;0
1825;CBSIM : 4;DIRECT_OUT_01;P18;2;NONE;NONE;0
1826;CBSIM : 4;DIRECT_OUT_02;P18;3;NONE;NONE;0
1827;CBSIM : 4;DIRECT_OUT_03;P18;4;NONE;NONE;0
1828;CBSIM : 4;DIRECT_OUT_04;P18;5;NONE;NONE;0
1829;CBSIM : 4;DIRECT_OUT_05;P18;6;NONE;NONE;0
1830;CBSIM : 4;DIRECT_OUT_06;P18;7;NONE;NONE;0
1831;CBSIM : 4;DIRECT_OUT_07;P18;8;NONE;NONE;0
1832;CBSIM : 4;DIRECT_OUT_08;P18;9;NONE;NONE;0
1833;CBSIM : 4;DIRECT_OUT_09;P18;10;NONE;NONE;0
1834;CBSIM : 4;DIRECT_OUT_10;P18;11;NONE;NONE;0
1835;CBSIM : 4;DIRECT_OUT_11;P18;12;NONE;NONE;0
1836;CBSIM : 4;DIRECT_OUT_12;P18;13;NONE;NONE;0
1837;CBSIM : 4;DIRECT_OUT_13;P18;14;NONE;NONE;0
1838;CBSIM : 4;DIRECT_OUT_14;P18;15;NONE;NONE;0
1839;CBSIM : 4;DIRECT_OUT_15;P18;16;NONE;NONE;0
1840;CBSIM : 4;NC;P18;17;NONE;NONE;0
1841;CBSIM : 4;GND_EMU;P18;18;NONE;NONE;0
1842;CBSIM : 4;GND_EMU;P18;19;NONE;NONE;0
1843;CBSIM : 4;DIRECT_IN_00;P18;20;NONE;NONE;0
1844;CBSIM : 4;DIRECT_IN_01;P18;21;NONE;NONE;0
1845;CBSIM : 4;DIRECT_IN_02;P18;22;NONE;NONE;0
1846;CBSIM : 4;DIRECT_IN_03;P18;23;NONE;NONE;0
1847;CBSIM : 4;DIRECT_IN_04;P18;24;NONE;NONE;0
1848;CBSIM : 4;DIRECT_IN_05;P18;25;NONE;NONE;0
1849;CBSIM : 4;DIRECT_IN_06;P18;26;NONE;NONE;0
1850;CBSIM : 4;DIRECT_IN_07;P18;27;NONE;NONE;0
1851;CBSIM : 4;DIRECT_IN_08;P18;28;NONE;NONE;0
1852;CBSIM : 4;DIRECT_IN_09;P18;29;NONE;NONE;0
1853;CBSIM : 4;DIRECT_IN_10;P18;30;NONE;NONE;0
1854;CBSIM : 4;DIRECT_IN_11;P18;31;NONE;NONE;0
1855;CBSIM : 4;DIRECT_IN_12;P18;32;NONE;NONE;0
1856;CBSIM : 4;DIRECT_IN_13;P18;33;NONE;NONE;0
1857;CBSIM : 4;DIRECT_IN_14;P18;34;NONE;NONE;0
1858;CBSIM : 4;DIRECT_IN_15;P18;35;NONE;NONE;0
1859;CBSIM : 4;5V_EMU;P18;36;NONE;NONE;0
1860;CBSIM : 4;5V_EMU;P18;37;NONE;NONE;0
1861;CBSIM : 4;12VP_EMU;P19;1;NONE;NONE;0
1862;CBSIM : 4;ANA_EMU0;P19;2;NONE;NONE;0
1863;CBSIM : 4;ANA_EMU1;P19;3;NONE;NONE;0
1864;CBSIM : 4;12VN_EMU;P19;4;NONE;NONE;0
1865;CBSIM : 4;GND_EMU;P19;5;NONE;NONE;0
1866;CBSIM : 4;ANA_EMU0;P19;6;NONE;NONE;0
1867;CBSIM : 4;ANA_EMU1;P19;7;NONE;NONE;0
1868;CBSIM : 4;NC;P19;8;NONE;NONE;0
1869;CBSIM : 4;GND_EMU;P19;9;NONE;NONE;0
1870;CBSIM : 5;VALVE_IN_00;P1;2F;NONE;NONE;0
1871;CBSIM : 5;VALVE_OUT_00;P1;2D;NONE;NONE;0
1872;CBSIM : 5;VALVE_IN_01;P1;2B;NONE;NONE;0
1873;CBSIM : 5;VALVE_OUT_01;P1;2Z;NONE;NONE;0
1874;CBSIM : 5;VALVE_IN_02;P1;4F;NONE;NONE;0
1875;CBSIM : 5;VALVE_OUT_02;P1;4D;NONE;NONE;0
1876;CBSIM : 5;VALVE_IN_03;P1;4B;NONE;NONE;0
1877;CBSIM : 5;VALVE_OUT_03;P1;4Z;NONE;NONE;0
1878;CBSIM : 5;VALVE_IN_04;P1;6F;NONE;NONE;0
1879;CBSIM : 5;VALVE_OUT_04;P1;6D;NONE;NONE;0
1880;CBSIM : 5;VALVE_IN_05;P1;6B;NONE;NONE;0
1881;CBSIM : 5;VALVE_OUT_05;P1;6Z;NONE;NONE;0
1882;CBSIM : 5;VALVE_IN_06;P1;8F;NONE;NONE;0
1883;CBSIM : 5;VALVE_OUT_06;P1;8D;NONE;NONE;0
1884;CBSIM : 5;VALVE_IN_07;P1;8B;NONE;NONE;0
1885;CBSIM : 5;VALVE_OUT_07;P1;8Z;NONE;NONE;0
1886;CBSIM : 5;OC_OUT_00;P1;10F;NONE;NONE;0
1887;CBSIM : 5;OC_OUT_01;P1;10D;NONE;NONE;0
1888;CBSIM : 5;5V_OUT;P1;10B;NONE;NONE;0
1889;CBSIM : 5;OUT_26V_00;P1;10Z;NONE;NONE;0
1890;CBSIM : 5;OUT_26V_01;P1;12F;NONE;NONE;0
1891;CBSIM : 5;OUT_26V_02;P1;12D;NONE;NONE;0
1892;CBSIM : 5;OUT_26V_03;P1;12B;NONE;NONE;0
1893;CBSIM : 5;OUT_26V_04;P1;12Z;NONE;NONE;0
1894;CBSIM : 5;OUT_26V_05;P1;14F;NONE;NONE;0
1895;CBSIM : 5;OUT_26V_06;P1;14D;NONE;NONE;0
1896;CBSIM : 5;OUT_26V_07;P1;14B;NONE;NONE;0
1897;CBSIM : 5;OUT_26V_08;P1;14Z;NONE;NONE;0
1898;CBSIM : 5;CURRENT_SRC1;P1;16F;NONE;NONE;0
1899;CBSIM : 5;GND_CB;P1;16D;NONE;NONE;0
1900;CBSIM : 5;GND_CB;P1;16B;NONE;NONE;0
1901;CBSIM : 5;GND_CB;P1;16Z;NONE;NONE;0
1902;CBSIM : 5;26V_CS_IN_00;P1;18F;NONE;NONE;0
1903;CBSIM : 5;26V_CS_IN_01;P1;18D;NONE;NONE;0
1904;CBSIM : 5;26V_CS_IN_02;P1;18B;NONE;NONE;0
1905;CBSIM : 5;26V_CS_IN_03;P1;18Z;NONE;NONE;0
1906;CBSIM : 5;26V_CS_IN_04;P1;20F;NONE;NONE;0
1907;CBSIM : 5;CURRENT_SRC0;P1;20D;NONE;NONE;0
1908;CBSIM : 5;VALVE_IN_22;P1;20B;NONE;NONE;0
1909;CBSIM : 5;VALVE_OUT_22;P1;20Z;NONE;NONE;0
1910;CBSIM : 5;VALVE_OUT_08;P1;22F;NONE;NONE;0
1911;CBSIM : 5;VALVE_IN_08;P1;22D;NONE;NONE;0
1912;CBSIM : 5;VALVE_OUT_09;P1;22B;NONE;NONE;0
1913;CBSIM : 5;VALVE_IN_09;P1;22Z;NONE;NONE;0
1914;CBSIM : 5;VALVE_OUT_10;P1;24F;NONE;NONE;0
1915;CBSIM : 5;VALVE_IN_10;P1;24D;NONE;NONE;0
1916;CBSIM : 5;VALVE_COIL-_00;P1;24B;NONE;NONE;0
1917;CBSIM : 5;VALVE_COIL+_00;P1;24Z;NONE;NONE;0
1918;CBSIM : 5;VALVE_BREAK_IN_00;P1;26F;NONE;NONE;0
1919;CBSIM : 5;VALVE_BREAK_OUT_00;P1;26D;NONE;NONE;0
1920;CBSIM : 5;GND_CB;P1;26B;NONE;NONE;0
1921;CBSIM : 5;GND_CB;P1;26Z;NONE;NONE;0
1922;CBSIM : 5;RELAIS_OUT_08;P1;28F;NONE;NONE;0
1923;CBSIM : 5;5V_CB;P1;28D;NONE;NONE;0
1924;CBSIM : 5;5V_CB;P1;28B;NONE;NONE;0
1925;CBSIM : 5;RELAIS_IN_08;P1;28Z;NONE;NONE;0
1926;CBSIM : 5;PX_IN_02;P1;30F;NONE;NONE;0
1927;CBSIM : 5;PX_OUT_02;P1;30D;NONE;NONE;0
1928;CBSIM : 5;GND_CB;P1;30B;NONE;NONE;0
1929;CBSIM : 5;GND_CB;P1;30Z;NONE;NONE;0
1930;CBSIM : 5;GND_CB;P1;32F;NONE;NONE;0
1931;CBSIM : 5;GND_CB;P1;32D;NONE;NONE;0
1932;CBSIM : 5;26V_CB;P1;32B;NONE;NONE;0
1933;CBSIM : 5;26V_CB;P1;32Z;NONE;NONE;0
1934;CBSIM : 5;12VP_CB;P3;2F;NONE;NONE;0
1935;CBSIM : 5;12VP_CB;P3;2D;NONE;NONE;0
1936;CBSIM : 5;12VN_CB;P3;2B;NONE;NONE;0
1937;CBSIM : 5;12VN_CB;P3;2Z;NONE;NONE;0
1938;CBSIM : 5;26V_INP_00;P3;4F;NONE;NONE;0
1939;CBSIM : 5;26V_INP_01;P3;4D;NONE;NONE;0
1940;CBSIM : 5;26V_INP_02;P3;4B;NONE;NONE;0
1941;CBSIM : 5;26V_INP_03;P3;4Z;NONE;NONE;0
1942;CBSIM : 5;26V_INP_04;P3;6F;NONE;NONE;0
1943;CBSIM : 5;26V_INP_05;P3;6D;NONE;NONE;0
1944;CBSIM : 5;26V_INP_06;P3;6B;NONE;NONE;0
1945;CBSIM : 5;26V_INP_07;P3;6Z;NONE;NONE;0
1946;CBSIM : 5;PX_IN_00;P3;8F;PX_REF_8V;CBMP;0
1947;CBSIM : 5;PX_OUT_00;P3;8D;PX_REF;CBMP;0
1948;CBSIM : 5;PX_IN_01;P3;8B;PX_WP_8V;CBMP;0
1949;CBSIM : 5;PX_OUT_01;P3;8Z;PX_WP;CBMP;0
1950;CBSIM : 5;VALVE_COIL-_01;P3;10F;NONE;NONE;0
1951;CBSIM : 5;VALVE_COIL+_01;P3;10D;NONE;NONE;0
1952;CBSIM : 5;VALVE_IN_11;P3;10B;NONE;NONE;0
1953;CBSIM : 5;VALVE_OUT_11;P3;10Z;NONE;NONE;0
1954;CBSIM : 5;VALVE_IN_12;P3;12F;NONE;NONE;0
1955;CBSIM : 5;VALVE_OUT_12;P3;12D;NONE;NONE;0
1956;CBSIM : 5;VALVE_IN_13;P3;12B;NONE;NONE;0
1957;CBSIM : 5;VALVE_OUT_13;P3;12Z;NONE;NONE;0
1958;CBSIM : 5;VALVE_IN_14;P3;14F;NONE;NONE;0
1959;CBSIM : 5;VALVE_OUT_15;P3;14D;NONE;NONE;0
1960;CBSIM : 5;VALVE_IN_15;P3;14B;NONE;NONE;0
1961;CBSIM : 5;VALVE_OUT_14;P3;14Z;NONE;NONE;0
1962;CBSIM : 5;RELAIS_IN_00;P3;16F;NONE;NONE;0
1963;CBSIM : 5;RELAIS_OUT_00;P3;16D;NONE;NONE;0
1964;CBSIM : 5;RELAIS_IN_01;P3;16B;NONE;NONE;0
1965;CBSIM : 5;RELAIS_OUT_01;P3;16Z;NONE;NONE;0
1966;CBSIM : 5;48VAC+;P3;18F;NONE;NONE;0
1967;CBSIM : 5;GND_CB;P3;18D;NONE;NONE;0
1968;CBSIM : 5;GND_CB;P3;18B;NONE;NONE;0
1969;CBSIM : 5;GND_CB;P3;18Z;NONE;NONE;0
1970;CBSIM : 5;GND_CB;P3;20F;NONE;NONE;0
1971;CBSIM : 5;VALVE_BREAK_IN_01;P3;20D;NONE;NONE;0
1972;CBSIM : 5;VALVE_BREAK_OUT_01;P3;20B;NONE;NONE;0
1973;CBSIM : 5;GND_CB;P3;20Z;NONE;NONE;0
1974;CBSIM : 5;RELAIS_IN_02;P3;22F;NONE;NONE;0
1975;CBSIM : 5;RELAIS_OUT_02;P3;22D;NONE;NONE;0
1976;CBSIM : 5;RELAIS_IN_03;P3;22B;NONE;NONE;0
1977;CBSIM : 5;RELAIS_OUT_03;P3;22Z;NONE;NONE;0
1978;CBSIM : 5;RELAIS_IN_05;P3;24F;NONE;NONE;0
1979;CBSIM : 5;RELAIS_OUT_05;P3;24D;NONE;NONE;0
1980;CBSIM : 5;RELAIS_IN_04;P3;24B;NONE;NONE;0
1981;CBSIM : 5;RELAIS_OUT_04;P3;24Z;NONE;NONE;0
1982;CBSIM : 5;VALVE_IN_16;P3;26F;NONE;NONE;0
1983;CBSIM : 5;VALVE_OUT_16;P3;26D;NONE;NONE;0
1984;CBSIM : 5;VALVE_IN_17;P3;26B;NONE;NONE;0
1985;CBSIM : 5;VALVE_OUT_17;P3;26Z;NONE;NONE;0
1986;CBSIM : 5;VALVE_IN_18;P3;28F;NONE;NONE;0
1987;CBSIM : 5;VALVE_OUT_18;P3;28D;NONE;NONE;0
1988;CBSIM : 5;VALVE_IN_19;P3;28B;NONE;NONE;0
1989;CBSIM : 5;VALVE_OUT_19;P3;28Z;NONE;NONE;0
1990;CBSIM : 5;RELAIS_IN_07;P3;30F;NONE;NONE;0
1991;CBSIM : 5;RELAIS_OUT_07;P3;30D;NONE;NONE;0
1992;CBSIM : 5;RELAIS_IN_06;P3;30B;NONE;NONE;0
1993;CBSIM : 5;RELAIS_OUT_06;P3;30Z;NONE;NONE;0
1994;CBSIM : 5;VALVE_IN_20;P3;32F;NONE;NONE;0
1995;CBSIM : 5;VALVE_OUT_20;P3;32D;NONE;NONE;0
1996;CBSIM : 5;VALVE_IN_21;P3;32B;NONE;NONE;0
1997;CBSIM : 5;VALVE_OUT_21;P3;32Z;NONE;NONE;0
1998;CBSIM : 5;DIRECT_OUT_00;P18;1;NONE;NONE;0
1999;CBSIM : 5;DIRECT_OUT_01;P18;2;NONE;NONE;0
2000;CBSIM : 5;DIRECT_OUT_02;P18;3;NONE;NONE;0
2001;CBSIM : 5;DIRECT_OUT_03;P18;4;NONE;NONE;0
2002;CBSIM : 5;DIRECT_OUT_04;P18;5;NONE;NONE;0
2003;CBSIM : 5;DIRECT_OUT_05;P18;6;NONE;NONE;0
2004;CBSIM : 5;DIRECT_OUT_06;P18;7;NONE;NONE;0
2005;CBSIM : 5;DIRECT_OUT_07;P18;8;NONE;NONE;0
2006;CBSIM : 5;DIRECT_OUT_08;P18;9;NONE;NONE;0
2007;CBSIM : 5;DIRECT_OUT_09;P18;10;NONE;NONE;0
2008;CBSIM : 5;DIRECT_OUT_10;P18;11;NONE;NONE;0
2009;CBSIM : 5;DIRECT_OUT_11;P18;12;NONE;NONE;0
2010;CBSIM : 5;DIRECT_OUT_12;P18;13;NONE;NONE;0
2011;CBSIM : 5;DIRECT_OUT_13;P18;14;NONE;NONE;0
2012;CBSIM : 5;DIRECT_OUT_14;P18;15;NONE;NONE;0
2013;CBSIM : 5;DIRECT_OUT_15;P18;16;NONE;NONE;0
2014;CBSIM : 5;NC;P18;17;NONE;NONE;0
2015;CBSIM : 5;GND_EMU;P18;18;NONE;NONE;0
2016;CBSIM : 5;GND_EMU;P18;19;NONE;NONE;0
2017;CBSIM : 5;DIRECT_IN_00;P18;20;NONE;NONE;0
2018;CBSIM : 5;DIRECT_IN_01;P18;21;NONE;NONE;0
2019;CBSIM : 5;DIRECT_IN_02;P18;22;NONE;NONE;0
2020;CBSIM : 5;DIRECT_IN_03;P18;23;NONE;NONE;0
2021;CBSIM : 5;DIRECT_IN_04;P18;24;NONE;NONE;0
2022;CBSIM : 5;DIRECT_IN_05;P18;25;NONE;NONE;0
2023;CBSIM : 5;DIRECT_IN_06;P18;26;NONE;NONE;0
2024;CBSIM : 5;DIRECT_IN_07;P18;27;NONE;NONE;0
2025;CBSIM : 5;DIRECT_IN_08;P18;28;NONE;NONE;0
2026;CBSIM : 5;DIRECT_IN_09;P18;29;NONE;NONE;0
2027;CBSIM : 5;DIRECT_IN_10;P18;30;NONE;NONE;0
2028;CBSIM : 5;DIRECT_IN_11;P18;31;NONE;NONE;0
2029;CBSIM : 5;DIRECT_IN_12;P18;32;NONE;NONE;0
2030;CBSIM : 5;DIRECT_IN_13;P18;33;NONE;NONE;0
2031;CBSIM : 5;DIRECT_IN_14;P18;34;NONE;NONE;0
2032;CBSIM : 5;DIRECT_IN_15;P18;35;NONE;NONE;0
2033;CBSIM : 5;5V_EMU;P18;36;NONE;NONE;0
2034;CBSIM : 5;5V_EMU;P18;37;NONE;NONE;0
2035;CBSIM : 5;12VP_EMU;P19;1;NONE;NONE;0
2036;CBSIM : 5;ANA_EMU0;P19;2;NONE;NONE;0
2037;CBSIM : 5;ANA_EMU1;P19;3;NONE;NONE;0
2038;CBSIM : 5;12VN_EMU;P19;4;NONE;NONE;0
2039;CBSIM : 5;GND_EMU;P19;5;NONE;NONE;0
2040;CBSIM : 5;ANA_EMU0;P19;6;NONE;NONE;0
2041;CBSIM : 5;ANA_EMU1;P19;7;NONE;NONE;0
2042;CBSIM : 5;NC;P19;8;NONE;NONE;0
2043;CBSIM : 5;GND_EMU;P19;9;NONE;NONE;0
